guid,label,output
1010x_chunk1_0,Russian,Russian
1010x_chunk1_1,Russian,Russian
1010x_chunk1_2,Russian,Russian
1010x_chunk1_3,Russian,Russian
AdAstraPer5-HT2Ar_chunk1_0,Spanish,Spanish
AdAstraPer5-HT2Ar_chunk1_1,Spanish,Spanish
AdAstraPer5-HT2Ar_chunk1_2,Spanish,Spanish
AdAstraPer5-HT2Ar_chunk1_3,Spanish,Spanish
AdAstraPer5-HT2Ar_chunk2_0,Spanish,Bulgarian
AdAstraPer5-HT2Ar_chunk2_1,Spanish,Spanish
AdAstraPer5-HT2Ar_chunk2_2,Spanish,Spanish
AdAstraPer5-HT2Ar_chunk2_3,Spanish,Spanish
AdAstraPer5-HT2Ar_chunk2_4,Spanish,Spanish
AdAstraPer5-HT2Ar_chunk3_0,Spanish,Spanish
AdAstraPer5-HT2Ar_chunk3_1,Spanish,Spanish
AdAstraPer5-HT2Ar_chunk3_2,Spanish,Spanish
AdAstraPer5-HT2Ar_chunk3_3,Spanish,Russian
AgentSmax_chunk1_0,Slovenian,Polish
AgentSmax_chunk1_1,Slovenian,Estonian
AgentSmax_chunk1_2,Slovenian,Slovenian
Alp-ha_chunk1_0,Turkish,Turkish
Alp-ha_chunk1_1,Turkish,Turkish
Alp-ha_chunk1_2,Turkish,Serbian
Amilcar_Alho_chunk1_0,Portuguese,Portuguese
Amilcar_Alho_chunk1_1,Portuguese,Portuguese
Amilcar_Alho_chunk1_2,Portuguese,Spanish
Amorrachius_chunk1_0,Turkish,Czech
Amorrachius_chunk1_1,Turkish,Turkish
Amorrachius_chunk1_2,Turkish,Turkish
Amorrachius_chunk1_3,Turkish,Turkish
Amorrachius_chunk2_0,Turkish,Turkish
Amorrachius_chunk2_1,Turkish,Turkish
Amorrachius_chunk2_2,Turkish,Turkish
Anuriss_chunk1_0,Romanian,Bulgarian
Anuriss_chunk1_1,Romanian,Romanian
Anuriss_chunk1_2,Romanian,Romanian
Argh3483_chunk1_0,French,French
Argh3483_chunk1_1,French,French
Argh3483_chunk1_2,French,French
Argh3483_chunk1_3,French,French
Argh3483_chunk1_4,French,French
Argh3483_chunk2_0,French,French
Argh3483_chunk2_1,French,French
Argh3483_chunk2_2,French,French
Argh3483_chunk2_3,French,French
Argh3483_chunk2_4,French,French
Argh3483_chunk2_5,French,French
Argh3483_chunk2_6,French,French
Argh3483_chunk3_0,French,French
Argh3483_chunk3_1,French,French
Argh3483_chunk3_2,French,French
Argh3483_chunk3_3,French,French
Argh3483_chunk3_4,French,Italian
Auspicios_chunk1_0,Spanish,Spanish
Auspicios_chunk1_1,Spanish,Spanish
Auspicios_chunk1_2,Spanish,Spanish
Auspicios_chunk1_3,Spanish,Spanish
Auspicios_chunk1_4,Spanish,Spanish
Auspicios_chunk2_0,Spanish,Spanish
Auspicios_chunk2_1,Spanish,Spanish
Auspicios_chunk2_2,Spanish,Spanish
Auspicios_chunk2_3,Spanish,Spanish
Auspicios_chunk2_4,Spanish,Spanish
B-Rabbit_chunk1_0,Slovenian,Slovenian
B-Rabbit_chunk1_1,Slovenian,Slovenian
B-Rabbit_chunk1_2,Slovenian,Slovenian
B-Rabbit_chunk2_0,Slovenian,Slovenian
B-Rabbit_chunk2_1,Slovenian,Slovenian
B-Rabbit_chunk2_2,Slovenian,Slovenian
B-Rabbit_chunk2_3,Slovenian,Slovenian
B-Rabbit_chunk3_0,Slovenian,Slovenian
B-Rabbit_chunk3_1,Slovenian,Slovenian
B-Rabbit_chunk3_2,Slovenian,Slovenian
Bau_haus_chunk1_0,German,German
Bau_haus_chunk1_1,German,German
Bau_haus_chunk1_2,German,German
Bau_haus_chunk2_0,German,French
Bau_haus_chunk2_1,German,Hungarian
Bau_haus_chunk2_2,German,German
Bau_haus_chunk3_0,German,German
Bau_haus_chunk3_1,German,German
Bau_haus_chunk3_2,German,German
Bau_haus_chunk3_3,German,German
Bezbojnicul_chunk1_0,Romanian,Romanian
Bezbojnicul_chunk1_1,Romanian,Romanian
Bezbojnicul_chunk1_2,Romanian,Portuguese
Bezbojnicul_chunk1_3,Romanian,Bulgarian
Bezbojnicul_chunk2_0,Romanian,Slovenian
Bezbojnicul_chunk2_1,Romanian,Romanian
Bezbojnicul_chunk2_2,Romanian,Greek
Bezbojnicul_chunk2_3,Romanian,Bulgarian
Bezbojnicul_chunk3_0,Romanian,Hungarian
Bezbojnicul_chunk3_1,Romanian,Romanian
Bezbojnicul_chunk3_2,Romanian,Romanian
Borund_chunk1_0,Portuguese,Portuguese
Borund_chunk1_1,Portuguese,Hungarian
Borund_chunk1_2,Portuguese,English
Borund_chunk1_3,Portuguese,Greek
Burlaczech_chunk1_0,Czech,Czech
Burlaczech_chunk1_1,Czech,Czech
Burlaczech_chunk1_2,Czech,Slovenian
Burlaczech_chunk1_3,Czech,Czech
Burlaczech_chunk1_4,Czech,Czech
Burlaczech_chunk2_0,Czech,Czech
Burlaczech_chunk2_1,Czech,Czech
Burlaczech_chunk2_2,Czech,Czech
Burlaczech_chunk2_3,Czech,Croatian
Burlaczech_chunk2_4,Czech,Lithuanian
Burlaczech_chunk3_0,Czech,Czech
Burlaczech_chunk3_1,Czech,Croatian
Burlaczech_chunk3_2,Czech,Czech
Burlaczech_chunk3_3,Czech,Bulgarian
Chinoiserie91_chunk1_0,Finish,Finish
Chinoiserie91_chunk1_1,Finish,Finish
Chinoiserie91_chunk1_2,Finish,Czech
Chinoiserie91_chunk1_3,Finish,Finish
Chinoiserie91_chunk2_0,Finish,Finish
Chinoiserie91_chunk2_1,Finish,Finish
Chinoiserie91_chunk2_2,Finish,Finish
Chinoiserie91_chunk2_3,Finish,Finish
Chinoiserie91_chunk3_0,Finish,Finish
Chinoiserie91_chunk3_1,Finish,Finish
Chinoiserie91_chunk3_2,Finish,Finish
Chinoiserie91_chunk3_3,Finish,Finish
Choyo_chunk1_0,French,French
Choyo_chunk1_1,French,German
Choyo_chunk1_2,French,French
Choyo_chunk1_3,French,French
Chrillexx_chunk1_0,Swedish,Swedish
Chrillexx_chunk1_1,Swedish,Swedish
Chrillexx_chunk1_2,Swedish,Italian
Chrillexx_chunk2_0,Swedish,Swedish
Chrillexx_chunk2_1,Swedish,Hungarian
Chrillexx_chunk2_2,Swedish,French
Chrillexx_chunk3_0,Swedish,Swedish
Chrillexx_chunk3_1,Swedish,Swedish
Chrillexx_chunk3_2,Swedish,Bulgarian
CuntWeasel_chunk1_0,Romanian,Romanian
CuntWeasel_chunk1_1,Romanian,Bulgarian
CuntWeasel_chunk1_2,Romanian,Romanian
CuntWeasel_chunk1_3,Romanian,Hungarian
CuntWeasel_chunk2_0,Romanian,Spanish
CuntWeasel_chunk2_1,Romanian,Serbian
CuntWeasel_chunk2_2,Romanian,Romanian
CuntWeasel_chunk2_3,Romanian,Slovenian
CuntWeasel_chunk2_4,Romanian,German
CuntWeasel_chunk3_0,Romanian,Romanian
CuntWeasel_chunk3_1,Romanian,German
CuntWeasel_chunk3_2,Romanian,German
CuntWeasel_chunk3_3,Romanian,Portuguese
DeepSeaDweller_chunk1_0,Croatian,Croatian
DeepSeaDweller_chunk1_1,Croatian,Croatian
DeepSeaDweller_chunk1_2,Croatian,Croatian
DeepSeaDweller_chunk1_3,Croatian,Slovenian
DeepSeaDweller_chunk2_0,Croatian,Greek
DeepSeaDweller_chunk2_1,Croatian,Croatian
DeepSeaDweller_chunk2_2,Croatian,Serbian
DeepSeaDweller_chunk2_3,Croatian,Croatian
DeepSeaDweller_chunk2_4,Croatian,Hungarian
DeepSeaDweller_chunk3_0,Croatian,Croatian
DeepSeaDweller_chunk3_1,Croatian,Croatian
DeepSeaDweller_chunk3_2,Croatian,Croatian
DeepSeaDweller_chunk3_3,Croatian,Slovenian
Double-decker_trams_chunk1_0,Estonian,Estonian
Double-decker_trams_chunk1_1,Estonian,Estonian
Double-decker_trams_chunk1_2,Estonian,Czech
Double-decker_trams_chunk2_0,Estonian,Estonian
Double-decker_trams_chunk2_1,Estonian,Estonian
Double-decker_trams_chunk2_2,Estonian,Estonian
Double-decker_trams_chunk3_0,Estonian,Estonian
Double-decker_trams_chunk3_1,Estonian,Estonian
Double-decker_trams_chunk3_2,Estonian,Estonian
DrZeX_chunk1_0,German,English
DrZeX_chunk1_1,German,German
DrZeX_chunk1_2,German,Czech
DrZeX_chunk1_3,German,German
DrZeX_chunk2_0,German,Swedish
DrZeX_chunk2_1,German,French
DrZeX_chunk2_2,German,German
DrZeX_chunk2_3,German,German
DrZeX_chunk3_0,German,Czech
DrZeX_chunk3_1,German,German
DrZeX_chunk3_2,German,German
DrZeX_chunk3_3,German,German
DrZeX_chunk3_4,German,Lithuanian
Dyybe_chunk1_0,Finish,Finish
Dyybe_chunk1_1,Finish,Finish
Dyybe_chunk1_2,Finish,Finish
Dyybe_chunk1_3,Finish,Finish
EcstaticCashew_chunk1_0,English,English
EcstaticCashew_chunk1_1,English,English
EcstaticCashew_chunk1_2,English,English
EcstaticCashew_chunk1_3,English,English
Eestiball_chunk1_0,Estonian,Polish
Eestiball_chunk1_1,Estonian,Estonian
Eestiball_chunk1_2,Estonian,Estonian
Eestiball_chunk1_3,Estonian,Polish
Eestiball_chunk2_0,Estonian,Estonian
Eestiball_chunk2_1,Estonian,Estonian
Eestiball_chunk2_2,Estonian,Czech
Eestiball_chunk3_0,Estonian,Estonian
Eestiball_chunk3_1,Estonian,Estonian
Eestiball_chunk3_2,Estonian,German
Eestiball_chunk3_3,Estonian,Serbian
Egle_de_Owl_chunk1_0,Lithuanian,Lithuanian
Egle_de_Owl_chunk1_1,Lithuanian,Lithuanian
Egle_de_Owl_chunk1_2,Lithuanian,Lithuanian
Egle_de_Owl_chunk1_3,Lithuanian,Lithuanian
ElanaP_chunk1_0,English,English
ElanaP_chunk1_1,English,English
ElanaP_chunk1_2,English,English
Esset_89_chunk1_0,Swedish,Swedish
Esset_89_chunk1_1,Swedish,Swedish
Esset_89_chunk1_2,Swedish,Swedish
FnZombie_chunk1_0,Lithuanian,Lithuanian
FnZombie_chunk1_1,Lithuanian,Lithuanian
FnZombie_chunk1_2,Lithuanian,Lithuanian
FnZombie_chunk1_3,Lithuanian,Lithuanian
FnZombie_chunk2_0,Lithuanian,Russian
FnZombie_chunk2_1,Lithuanian,Lithuanian
FnZombie_chunk2_2,Lithuanian,Lithuanian
FnZombie_chunk3_0,Lithuanian,Lithuanian
FnZombie_chunk3_1,Lithuanian,Lithuanian
FnZombie_chunk3_2,Lithuanian,Lithuanian
Froun_chunk1_0,Lithuanian,Lithuanian
Froun_chunk1_1,Lithuanian,Lithuanian
Froun_chunk1_2,Lithuanian,Lithuanian
Gawur_chunk1_0,Serbian,Serbian
Gawur_chunk1_1,Serbian,Serbian
Gawur_chunk1_2,Serbian,Serbian
Gawur_chunk1_3,Serbian,Serbian
Gawur_chunk2_0,Serbian,Serbian
Gawur_chunk2_1,Serbian,Serbian
Gawur_chunk2_2,Serbian,Serbian
Gawur_chunk2_3,Serbian,Polish
GoogleHolyLasagne_chunk1_0,Italian,Italian
GoogleHolyLasagne_chunk1_1,Italian,Italian
GoogleHolyLasagne_chunk1_2,Italian,Serbian
GoogleHolyLasagne_chunk2_0,Italian,Italian
GoogleHolyLasagne_chunk2_1,Italian,Italian
GoogleHolyLasagne_chunk2_2,Italian,Italian
GoogleHolyLasagne_chunk3_0,Italian,Italian
GoogleHolyLasagne_chunk3_1,Italian,Italian
GoogleHolyLasagne_chunk3_2,Italian,Spanish
Hadorika_chunk1_0,Estonian,Polish
Hadorika_chunk1_1,Estonian,Russian
Hadorika_chunk1_2,Estonian,Russian
Hadorika_chunk1_3,Estonian,Estonian
Hadorika_chunk2_0,Estonian,Lithuanian
Hadorika_chunk2_1,Estonian,Russian
Hadorika_chunk2_2,Estonian,Lithuanian
Hadorika_chunk2_3,Estonian,Finish
Hans-U-Rudel_chunk1_0,German,German
Hans-U-Rudel_chunk1_1,German,German
Hans-U-Rudel_chunk1_2,German,Romanian
Hans-U-Rudel_chunk1_3,German,German
Hans-U-Rudel_chunk1_4,German,Turkish
Hans-U-Rudel_chunk2_0,German,German
Hans-U-Rudel_chunk2_1,German,German
Hans-U-Rudel_chunk2_2,German,German
Hans-U-Rudel_chunk2_3,German,Czech
Hans-U-Rudel_chunk3_0,German,German
Hans-U-Rudel_chunk3_1,German,Russian
Hans-U-Rudel_chunk3_2,German,Russian
Hans-U-Rudel_chunk3_3,German,German
Hans-U-Rudel_chunk3_4,German,Polish
Hexularr_chunk1_0,Estonian,Estonian
Hexularr_chunk1_1,Estonian,Estonian
Hexularr_chunk1_2,Estonian,Estonian
Hexularr_chunk1_3,Estonian,Slovenian
Hexularr_chunk2_0,Estonian,Estonian
Hexularr_chunk2_1,Estonian,Estonian
Hexularr_chunk2_2,Estonian,Estonian
Hexularr_chunk3_0,Estonian,Estonian
Hexularr_chunk3_1,Estonian,Estonian
Hexularr_chunk3_2,Estonian,Estonian
IM_A_PIG_chunk1_0,Greek,Norwegian
IM_A_PIG_chunk1_1,Greek,Greek
IM_A_PIG_chunk1_2,Greek,Greek
IM_A_PIG_chunk1_3,Greek,Greek
IM_A_PIG_chunk2_0,Greek,Portuguese
IM_A_PIG_chunk2_1,Greek,Greek
IM_A_PIG_chunk2_2,Greek,Greek
IP00P_chunk1_0,Serbian,Serbian
IP00P_chunk1_1,Serbian,Serbian
IP00P_chunk1_2,Serbian,Serbian
IP00P_chunk1_3,Serbian,Portuguese
I_done_a_plop-plop_chunk1_0,English,English
I_done_a_plop-plop_chunk1_1,English,English
Icapica_chunk1_0,Finish,Finish
Icapica_chunk1_1,Finish,Finish
Icapica_chunk1_2,Finish,Finish
Icapica_chunk2_0,Finish,Estonian
Icapica_chunk2_1,Finish,Finish
Icapica_chunk2_2,Finish,Norwegian
Icapica_chunk3_0,Finish,Finish
Icapica_chunk3_1,Finish,Finish
Icapica_chunk3_2,Finish,Finish
Icapica_chunk3_3,Finish,Finish
Il_Gigante_Buono_chunk1_0,English,English
Il_Gigante_Buono_chunk1_1,English,English
Il_Gigante_Buono_chunk1_2,English,English
InflatableTomato_chunk1_0,Italian,Swedish
InflatableTomato_chunk1_1,Italian,Finish
InflatableTomato_chunk1_2,Italian,Italian
InflatableTomato_chunk1_3,Italian,Russian
InflatableTomato_chunk2_0,Italian,Italian
InflatableTomato_chunk2_1,Italian,Swedish
InflatableTomato_chunk2_2,Italian,Italian
InflatableTomato_chunk2_3,Italian,French
InflatableTomato_chunk2_4,Italian,Norwegian
InflatableTomato_chunk3_0,Italian,Italian
InflatableTomato_chunk3_1,Italian,Italian
InflatableTomato_chunk3_2,Italian,Italian
InflatableTomato_chunk3_3,Italian,Italian
Jaimebgdb_chunk1_0,Spanish,Spanish
Jaimebgdb_chunk1_1,Spanish,German
Jaimebgdb_chunk1_2,Spanish,Slovenian
Jaimebgdb_chunk2_0,Spanish,Spanish
Jaimebgdb_chunk2_1,Spanish,Spanish
Jaimebgdb_chunk2_2,Spanish,Spanish
Jaimebgdb_chunk2_3,Spanish,Czech
Jaimebgdb_chunk3_0,Spanish,Spanish
Jaimebgdb_chunk3_1,Spanish,Spanish
Jaimebgdb_chunk3_2,Spanish,Spanish
JanneJM_chunk1_0,Swedish,Swedish
JanneJM_chunk1_1,Swedish,Swedish
JanneJM_chunk1_2,Swedish,Swedish
JanneJM_chunk1_3,Swedish,Spanish
JanneJM_chunk2_0,Swedish,Swedish
JanneJM_chunk2_1,Swedish,Norwegian
JanneJM_chunk2_2,Swedish,Dutch
JanneJM_chunk2_3,Swedish,Swedish
JanneJM_chunk3_0,Swedish,Czech
JanneJM_chunk3_1,Swedish,Finish
JanneJM_chunk3_2,Swedish,Swedish
JanneJM_chunk3_3,Swedish,Norwegian
Jannenchi_chunk1_0,Finish,Finish
Jannenchi_chunk1_1,Finish,Finish
Jannenchi_chunk1_2,Finish,Estonian
Jannenchi_chunk2_0,Finish,Finish
Jannenchi_chunk2_1,Finish,Finish
Jannenchi_chunk2_2,Finish,Finish
Jannenchi_chunk3_0,Finish,Finish
Jannenchi_chunk3_1,Finish,Finish
Jannenchi_chunk3_2,Finish,Finish
Just_Juke_chunk1_0,Croatian,Czech
Just_Juke_chunk1_1,Croatian,Croatian
Just_Juke_chunk1_2,Croatian,Romanian
Just_Juke_chunk1_3,Croatian,Romanian
Just_Juke_chunk1_4,Croatian,Croatian
Just_Juke_chunk2_0,Croatian,Croatian
Just_Juke_chunk2_1,Croatian,Bulgarian
Just_Juke_chunk2_2,Croatian,German
Just_Juke_chunk2_3,Croatian,Croatian
Just_Juke_chunk2_4,Croatian,Romanian
Just_Juke_chunk2_5,Croatian,German
Just_Juke_chunk3_0,Croatian,Serbian
Just_Juke_chunk3_1,Croatian,Slovenian
Just_Juke_chunk3_2,Croatian,Portuguese
Just_Juke_chunk3_3,Croatian,German
Just_Juke_chunk3_4,Croatian,Slovenian
Kaarjuus_chunk1_0,Estonian,Estonian
Kaarjuus_chunk1_1,Estonian,Estonian
Kaarjuus_chunk1_2,Estonian,Estonian
Kaarjuus_chunk1_3,Estonian,Estonian
Kamille_Marseille_chunk1_0,Croatian,Croatian
Kamille_Marseille_chunk1_1,Croatian,Slovenian
Kamille_Marseille_chunk1_2,Croatian,Croatian
Kamille_Marseille_chunk1_3,Croatian,Serbian
KenpatchiRama-Sama_chunk1_0,Norwegian,Norwegian
KenpatchiRama-Sama_chunk1_1,Norwegian,Norwegian
KenpatchiRama-Sama_chunk1_2,Norwegian,Norwegian
KenpatchiRama-Sama_chunk1_3,Norwegian,Portuguese
Kenraali_chunk1_0,Finish,Finish
Kenraali_chunk1_1,Finish,Finish
Kenraali_chunk1_2,Finish,Italian
Keyframe_chunk1_0,Croatian,Croatian
Keyframe_chunk1_1,Croatian,Croatian
Keyframe_chunk1_2,Croatian,Croatian
Keyframe_chunk2_0,Croatian,Croatian
Keyframe_chunk2_1,Croatian,Croatian
Keyframe_chunk2_2,Croatian,Croatian
Keyframe_chunk3_0,Croatian,Croatian
Keyframe_chunk3_1,Croatian,Croatian
Keyframe_chunk3_2,Croatian,Croatian
Kitane_chunk1_0,Czech,Czech
Kitane_chunk1_1,Czech,Czech
Kitane_chunk1_2,Czech,Czech
Kitane_chunk1_3,Czech,Lithuanian
Kitane_chunk1_4,Czech,Serbian
Kitane_chunk2_0,Czech,Czech
Kitane_chunk2_1,Czech,Czech
Kitane_chunk2_2,Czech,Czech
Kitane_chunk2_3,Czech,Czech
Kitane_chunk3_0,Czech,Polish
Kitane_chunk3_1,Czech,Czech
Kitane_chunk3_2,Czech,Estonian
Kitane_chunk3_3,Czech,Czech
Kitane_chunk3_4,Czech,Dutch
Kocy24_chunk1_0,Czech,Czech
Kocy24_chunk1_1,Czech,Czech
Kocy24_chunk1_2,Czech,Czech
Kutili_chunk1_0,Serbian,Serbian
Kutili_chunk1_1,Serbian,Serbian
Kutili_chunk1_2,Serbian,Croatian
Kutili_chunk2_0,Serbian,Croatian
Kutili_chunk2_1,Serbian,Croatian
Kutili_chunk2_2,Serbian,Serbian
Kutili_chunk2_3,Serbian,Serbian
Kutili_chunk2_4,Serbian,Croatian
Kutili_chunk3_0,Serbian,Serbian
Kutili_chunk3_1,Serbian,Serbian
Kutili_chunk3_2,Serbian,Serbian
LEO_TROLLSTOY_chunk1_0,Croatian,Romanian
LEO_TROLLSTOY_chunk1_1,Croatian,Slovenian
LEO_TROLLSTOY_chunk1_2,Croatian,Slovenian
Labasaskrabas_chunk1_0,Lithuanian,Lithuanian
Labasaskrabas_chunk1_1,Lithuanian,Lithuanian
Labasaskrabas_chunk1_2,Lithuanian,Lithuanian
Labasaskrabas_chunk1_3,Lithuanian,Lithuanian
Labasaskrabas_chunk1_4,Lithuanian,Lithuanian
Labasaskrabas_chunk1_5,Lithuanian,Turkish
Labasaskrabas_chunk2_0,Lithuanian,Spanish
Labasaskrabas_chunk2_1,Lithuanian,Lithuanian
Labasaskrabas_chunk2_2,Lithuanian,Lithuanian
Labasaskrabas_chunk2_3,Lithuanian,Lithuanian
Labasaskrabas_chunk2_4,Lithuanian,Lithuanian
Labasaskrabas_chunk3_0,Lithuanian,Lithuanian
Labasaskrabas_chunk3_1,Lithuanian,Lithuanian
Labasaskrabas_chunk3_2,Lithuanian,French
Labasaskrabas_chunk3_3,Lithuanian,Lithuanian
Labasaskrabas_chunk3_4,Lithuanian,Lithuanian
Landsbergis_chunk1_0,Lithuanian,Lithuanian
Landsbergis_chunk1_1,Lithuanian,Lithuanian
Landsbergis_chunk1_2,Lithuanian,Norwegian
Langley_Bot_chunk1_0,Croatian,Serbian
Langley_Bot_chunk1_1,Croatian,Serbian
Langley_Bot_chunk1_2,Croatian,Croatian
Le_Meow_Meow_chunk1_0,English,Lithuanian
Le_Meow_Meow_chunk1_1,English,English
Le_Meow_Meow_chunk1_2,English,Spanish
Leadstripes_chunk1_0,Dutch,Dutch
Leadstripes_chunk1_1,Dutch,Dutch
Leadstripes_chunk1_2,Dutch,Dutch
Leadstripes_chunk1_3,Dutch,German
Leadstripes_chunk2_0,Dutch,Dutch
Leadstripes_chunk2_1,Dutch,English
Leadstripes_chunk2_2,Dutch,Dutch
Leadstripes_chunk3_0,Dutch,Dutch
Leadstripes_chunk3_1,Dutch,Dutch
Leadstripes_chunk3_2,Dutch,Dutch
LesEscargots_chunk1_0,French,English
LesEscargots_chunk1_1,French,English
LesEscargots_chunk1_2,French,English
LesEscargots_chunk1_3,French,English
LesEscargots_chunk1_4,French,Russian
LesEscargots_chunk1_5,French,English
LesEscargots_chunk1_6,French,English
LiquidLegend_chunk1_0,Spanish,Spanish
LiquidLegend_chunk1_1,Spanish,Spanish
LiquidLegend_chunk1_2,Spanish,Spanish
LiquidLegend_chunk1_3,Spanish,Spanish
LiquidLegend_chunk1_4,Spanish,English
LiquidLegend_chunk2_0,Spanish,Spanish
LiquidLegend_chunk2_1,Spanish,Spanish
LiquidLegend_chunk2_2,Spanish,Spanish
LiquidLegend_chunk2_3,Spanish,Spanish
LiquidLegend_chunk3_0,Spanish,Spanish
LiquidLegend_chunk3_1,Spanish,Portuguese
LiquidLegend_chunk3_2,Spanish,Estonian
LiquidLegend_chunk3_3,Spanish,Norwegian
LiquidLegend_chunk3_4,Spanish,Spanish
LiquoriceLove_chunk1_0,German,French
LiquoriceLove_chunk1_1,German,Romanian
LiquoriceLove_chunk1_2,German,Romanian
LiquoriceLove_chunk1_3,German,Romanian
MadBroRavenas_chunk1_0,Lithuanian,Lithuanian
MadBroRavenas_chunk1_1,Lithuanian,Lithuanian
MadBroRavenas_chunk1_2,Lithuanian,Lithuanian
MadBroRavenas_chunk2_0,Lithuanian,Estonian
MadBroRavenas_chunk2_1,Lithuanian,Estonian
MadBroRavenas_chunk2_2,Lithuanian,Russian
MadBroRavenas_chunk2_3,Lithuanian,Lithuanian
MadBroRavenas_chunk3_0,Lithuanian,Lithuanian
MadBroRavenas_chunk3_1,Lithuanian,Lithuanian
MadBroRavenas_chunk3_2,Lithuanian,Lithuanian
Major_Butthurt_chunk1_0,Greek,Russian
Major_Butthurt_chunk1_1,Greek,Russian
Major_Butthurt_chunk1_2,Greek,Russian
Major_Butthurt_chunk2_0,Greek,Greek
Major_Butthurt_chunk2_1,Greek,Greek
Major_Butthurt_chunk2_2,Greek,Italian
Major_Butthurt_chunk3_0,Greek,Lithuanian
Major_Butthurt_chunk3_1,Greek,French
Major_Butthurt_chunk3_2,Greek,Greek
Major_Butthurt_chunk3_3,Greek,French
ManlyDrinks_chunk1_0,Portuguese,Portuguese
ManlyDrinks_chunk1_1,Portuguese,Greek
ManlyDrinks_chunk1_2,Portuguese,Portuguese
ManlyDrinks_chunk1_3,Portuguese,Portuguese
ManlyDrinks_chunk2_0,Portuguese,Portuguese
ManlyDrinks_chunk2_1,Portuguese,Portuguese
ManlyDrinks_chunk2_2,Portuguese,Portuguese
ManlyDrinks_chunk3_0,Portuguese,Portuguese
ManlyDrinks_chunk3_1,Portuguese,Portuguese
ManlyDrinks_chunk3_2,Portuguese,Portuguese
ManlyDrinks_chunk3_3,Portuguese,Spanish
MarlinMr_chunk1_0,Norwegian,Norwegian
MarlinMr_chunk1_1,Norwegian,Norwegian
MarlinMr_chunk1_2,Norwegian,Norwegian
MarlinMr_chunk2_0,Norwegian,Norwegian
MarlinMr_chunk2_1,Norwegian,Norwegian
MarlinMr_chunk2_2,Norwegian,Norwegian
MarlinMr_chunk3_0,Norwegian,Norwegian
MarlinMr_chunk3_1,Norwegian,Norwegian
MarlinMr_chunk3_2,Norwegian,Norwegian
MarsNirgal_chunk1_0,Spanish,Spanish
MarsNirgal_chunk1_1,Spanish,Spanish
MarsNirgal_chunk1_2,Spanish,Spanish
MarsNirgal_chunk1_3,Spanish,Spanish
MarsNirgal_chunk2_0,Spanish,Spanish
MarsNirgal_chunk2_1,Spanish,Spanish
MarsNirgal_chunk2_2,Spanish,Spanish
MarsNirgal_chunk2_3,Spanish,Spanish
MarsNirgal_chunk3_0,Spanish,Spanish
MarsNirgal_chunk3_1,Spanish,Spanish
MarsNirgal_chunk3_2,Spanish,Spanish
MarsNirgal_chunk3_3,Spanish,Spanish
MarsNirgal_chunk3_4,Spanish,Spanish
MedievalSerbia_chunk1_0,Serbian,Serbian
MedievalSerbia_chunk1_1,Serbian,Serbian
MedievalSerbia_chunk1_2,Serbian,Serbian
MedievalSerbia_chunk1_3,Serbian,Serbian
MedievalSerbia_chunk1_4,Serbian,Serbian
MedievalSerbia_chunk1_5,Serbian,Hungarian
Mephistophanes_chunk1_0,Estonian,Estonian
Mephistophanes_chunk1_1,Estonian,Estonian
Mephistophanes_chunk1_2,Estonian,Estonian
Miii_Kiii_chunk1_0,Polish,Polish
Miii_Kiii_chunk1_1,Polish,Polish
Miii_Kiii_chunk1_2,Polish,Polish
Miii_Kiii_chunk2_0,Polish,Polish
Miii_Kiii_chunk2_1,Polish,Polish
Miii_Kiii_chunk2_2,Polish,Polish
MisterVaridoianis_chunk1_0,Italian,Italian
MisterVaridoianis_chunk1_1,Italian,Finish
MisterVaridoianis_chunk1_2,Italian,Greek
MisterVaridoianis_chunk1_3,Italian,Italian
MisterVaridoianis_chunk1_4,Italian,Italian
MrBla_chunk1_0,Lithuanian,Lithuanian
MrBla_chunk1_1,Lithuanian,Lithuanian
MrBla_chunk1_2,Lithuanian,Lithuanian
MrBla_chunk2_0,Lithuanian,Lithuanian
MrBla_chunk2_1,Lithuanian,Lithuanian
MrBla_chunk2_2,Lithuanian,Lithuanian
MrBla_chunk3_0,Lithuanian,Russian
MrBla_chunk3_1,Lithuanian,Lithuanian
MrBla_chunk3_2,Lithuanian,Romanian
MrFox_monk_chunk1_0,Hungarian,Hungarian
MrFox_monk_chunk1_1,Hungarian,Hungarian
MrFox_monk_chunk1_2,Hungarian,Hungarian
MrFox_monk_chunk1_3,Hungarian,Hungarian
Mxae_chunk1_0,Lithuanian,Lithuanian
Mxae_chunk1_1,Lithuanian,Lithuanian
Mxae_chunk1_2,Lithuanian,Lithuanian
Mxae_chunk1_3,Lithuanian,Russian
Mxae_chunk2_0,Lithuanian,Lithuanian
Mxae_chunk2_1,Lithuanian,Lithuanian
Mxae_chunk2_2,Lithuanian,Spanish
Mxae_chunk2_3,Lithuanian,Finish
NYGreenandwhite_chunk1_0,Greek,Serbian
NYGreenandwhite_chunk1_1,Greek,Serbian
NYGreenandwhite_chunk1_2,Greek,Swedish
NYGreenandwhite_chunk1_3,Greek,Bulgarian
NYGreenandwhite_chunk1_4,Greek,Greek
NYGreenandwhite_chunk2_0,Greek,Greek
NYGreenandwhite_chunk2_1,Greek,English
NYGreenandwhite_chunk2_2,Greek,Greek
NYGreenandwhite_chunk2_3,Greek,Finish
NYGreenandwhite_chunk2_4,Greek,Dutch
NoNameJackson_chunk1_0,Bulgarian,Bulgarian
NoNameJackson_chunk1_1,Bulgarian,Bulgarian
NoNameJackson_chunk1_2,Bulgarian,Swedish
NoNameJackson_chunk1_3,Bulgarian,Bulgarian
NoNameJackson_chunk1_4,Bulgarian,English
NoNameJackson_chunk2_0,Bulgarian,Bulgarian
NoNameJackson_chunk2_1,Bulgarian,Serbian
NoNameJackson_chunk2_2,Bulgarian,Bulgarian
NoNameJackson_chunk2_3,Bulgarian,Bulgarian
NoNameJackson_chunk2_4,Bulgarian,Romanian
NoNameJackson_chunk3_0,Bulgarian,Bulgarian
NoNameJackson_chunk3_1,Bulgarian,Bulgarian
NoNameJackson_chunk3_2,Bulgarian,Bulgarian
NoNameJackson_chunk3_3,Bulgarian,Bulgarian
NoNameJackson_chunk3_4,Bulgarian,Polish
Obliviuns_chunk1_0,Portuguese,Portuguese
Obliviuns_chunk1_1,Portuguese,Spanish
Obliviuns_chunk1_2,Portuguese,Portuguese
Obliviuns_chunk1_3,Portuguese,Portuguese
Obliviuns_chunk2_0,Portuguese,Hungarian
Obliviuns_chunk2_1,Portuguese,Portuguese
Obliviuns_chunk2_2,Portuguese,Turkish
Obliviuns_chunk2_3,Portuguese,Bulgarian
OfficialEeki_chunk1_0,Finish,Finish
OfficialEeki_chunk1_1,Finish,Finish
OfficialEeki_chunk1_2,Finish,English
Paddo_In_Wonderland_chunk1_0,Dutch,Dutch
Paddo_In_Wonderland_chunk1_1,Dutch,Finish
Paddo_In_Wonderland_chunk1_2,Dutch,Hungarian
Paddo_In_Wonderland_chunk1_3,Dutch,Spanish
Pfundz_chunk1_0,Hungarian,Croatian
Pfundz_chunk1_1,Hungarian,Hungarian
Pfundz_chunk1_2,Hungarian,Slovenian
Pfundz_chunk1_3,Hungarian,Hungarian
PierreBourdieu2017_chunk1_0,French,French
PierreBourdieu2017_chunk1_1,French,French
PierreBourdieu2017_chunk1_2,French,French
PierreBourdieu2017_chunk1_3,French,French
Poggor_chunk1_0,Italian,Italian
Poggor_chunk1_1,Italian,Italian
Poggor_chunk1_2,Italian,Italian
Pokemon_Jesus_chunk1_0,Greek,Greek
Pokemon_Jesus_chunk1_1,Greek,French
Pokemon_Jesus_chunk1_2,Greek,Estonian
Qtasss_chunk1_0,Polish,Polish
Qtasss_chunk1_1,Polish,Polish
Qtasss_chunk1_2,Polish,Polish
QuinnKastel_chunk1_0,German,German
QuinnKastel_chunk1_1,German,Romanian
QuinnKastel_chunk1_2,German,Slovenian
QuinnKastel_chunk2_0,German,German
QuinnKastel_chunk2_1,German,German
QuinnKastel_chunk2_2,German,German
QuinnKastel_chunk2_3,German,German
QuinnKastel_chunk3_0,German,Swedish
QuinnKastel_chunk3_1,German,Slovenian
QuinnKastel_chunk3_2,German,German
QuinnKastel_chunk3_3,German,German
RammsteinDEBG_chunk1_0,Bulgarian,Bulgarian
RammsteinDEBG_chunk1_1,Bulgarian,Portuguese
RammsteinDEBG_chunk1_2,Bulgarian,Bulgarian
RammsteinDEBG_chunk1_3,Bulgarian,Czech
RammsteinDEBG_chunk2_0,Bulgarian,Bulgarian
RammsteinDEBG_chunk2_1,Bulgarian,Bulgarian
RammsteinDEBG_chunk2_2,Bulgarian,Bulgarian
RammsteinDEBG_chunk2_3,Bulgarian,Russian
RammsteinDEBG_chunk3_0,Bulgarian,Greek
RammsteinDEBG_chunk3_1,Bulgarian,Russian
RammsteinDEBG_chunk3_2,Bulgarian,Greek
Right_In-The-Pussy_chunk1_0,Finish,Italian
Right_In-The-Pussy_chunk1_1,Finish,Romanian
Right_In-The-Pussy_chunk1_2,Finish,Bulgarian
Right_In-The-Pussy_chunk1_3,Finish,Polish
Right_In-The-Pussy_chunk1_4,Finish,Finish
Right_In-The-Pussy_chunk1_5,Finish,Swedish
Right_In-The-Pussy_chunk2_0,Finish,English
Right_In-The-Pussy_chunk2_1,Finish,Finish
Right_In-The-Pussy_chunk2_2,Finish,Portuguese
Right_In-The-Pussy_chunk2_3,Finish,English
Right_In-The-Pussy_chunk2_4,Finish,Finish
Right_In-The-Pussy_chunk2_5,Finish,Finish
Right_In-The-Pussy_chunk3_0,Finish,Swedish
Right_In-The-Pussy_chunk3_1,Finish,Finish
Right_In-The-Pussy_chunk3_2,Finish,Finish
Right_In-The-Pussy_chunk3_3,Finish,Finish
Right_In-The-Pussy_chunk3_4,Finish,Finish
Right_In-The-Pussy_chunk3_5,Finish,Russian
Right_In-The-Pussy_chunk3_6,Finish,Spanish
Rktdebil_chunk1_0,Polish,Polish
Rktdebil_chunk1_1,Polish,Polish
Rktdebil_chunk1_2,Polish,Polish
Rktdebil_chunk2_0,Polish,Polish
Rktdebil_chunk2_1,Polish,Polish
Rktdebil_chunk2_2,Polish,Polish
Rktdebil_chunk3_0,Polish,Polish
Rktdebil_chunk3_1,Polish,Czech
Rktdebil_chunk3_2,Polish,Polish
Roflkopt3r_chunk1_0,German,German
Roflkopt3r_chunk1_1,German,German
Roflkopt3r_chunk1_2,German,German
Roflkopt3r_chunk1_3,German,Greek
Roflkopt3r_chunk2_0,German,German
Roflkopt3r_chunk2_1,German,English
Roflkopt3r_chunk2_2,German,Dutch
Roflkopt3r_chunk2_3,German,Romanian
Roflkopt3r_chunk2_4,German,German
Shifty_rail_chunk1_0,French,Hungarian
Shifty_rail_chunk1_1,French,French
Shifty_rail_chunk1_2,French,French
Silverville_404_chunk1_0,Serbian,Serbian
Silverville_404_chunk1_1,Serbian,Serbian
Silverville_404_chunk1_2,Serbian,Serbian
Silverville_404_chunk1_3,Serbian,Serbian
Silverville_404_chunk1_4,Serbian,Slovenian
SlugPower_chunk1_0,Portuguese,Portuguese
SlugPower_chunk1_1,Portuguese,Portuguese
SlugPower_chunk1_2,Portuguese,Portuguese
Snauut_chunk1_0,Polish,Polish
Snauut_chunk1_1,Polish,Polish
Snauut_chunk1_2,Polish,Polish
Snauut_chunk1_3,Polish,Polish
Snauut_chunk1_4,Polish,Hungarian
SniperGW_chunk1_0,Norwegian,Norwegian
SniperGW_chunk1_1,Norwegian,Norwegian
SniperGW_chunk1_2,Norwegian,Norwegian
SniperGW_chunk2_0,Norwegian,Norwegian
SniperGW_chunk2_1,Norwegian,Norwegian
SniperGW_chunk2_2,Norwegian,Finish
SniperGW_chunk2_3,Norwegian,Norwegian
Soumin_chunk1_0,Czech,Czech
Soumin_chunk1_1,Czech,Polish
Soumin_chunk1_2,Czech,Czech
Soumin_chunk1_3,Czech,Czech
Spike52656_chunk1_0,Hungarian,Hungarian
Spike52656_chunk1_1,Hungarian,Hungarian
Spike52656_chunk1_2,Hungarian,Hungarian
Spike52656_chunk2_0,Hungarian,Hungarian
Spike52656_chunk2_1,Hungarian,Hungarian
Spike52656_chunk2_2,Hungarian,Bulgarian
Stojas_chunk1_0,Greek,Greek
Stojas_chunk1_1,Greek,Greek
Stojas_chunk1_2,Greek,Greek
Strazdas1_chunk1_0,Lithuanian,German
Strazdas1_chunk1_1,Lithuanian,Lithuanian
Strazdas1_chunk1_2,Lithuanian,Slovenian
Strazdas1_chunk1_3,Lithuanian,Lithuanian
Strazdas1_chunk2_0,Lithuanian,Lithuanian
Strazdas1_chunk2_1,Lithuanian,Lithuanian
Strazdas1_chunk2_2,Lithuanian,Turkish
Strazdas1_chunk2_3,Lithuanian,Greek
Strazdas1_chunk2_4,Lithuanian,Italian
Strazdas1_chunk3_0,Lithuanian,Lithuanian
Strazdas1_chunk3_1,Lithuanian,Lithuanian
Strazdas1_chunk3_2,Lithuanian,Lithuanian
Strazdas1_chunk3_3,Lithuanian,French
SubutaiBahadur_chunk1_0,Serbian,Serbian
SubutaiBahadur_chunk1_1,Serbian,Serbian
SubutaiBahadur_chunk1_2,Serbian,Serbian
SubutaiBahadur_chunk2_0,Serbian,Croatian
SubutaiBahadur_chunk2_1,Serbian,Serbian
SubutaiBahadur_chunk2_2,Serbian,Serbian
Sunset_overdrive_chunk1_0,Romanian,Romanian
Sunset_overdrive_chunk1_1,Romanian,Romanian
Sunset_overdrive_chunk1_2,Romanian,Romanian
Sunset_overdrive_chunk1_3,Romanian,Dutch
Sunset_overdrive_chunk2_0,Romanian,Romanian
Sunset_overdrive_chunk2_1,Romanian,Romanian
Sunset_overdrive_chunk2_2,Romanian,Romanian
Sunset_overdrive_chunk3_0,Romanian,Romanian
Sunset_overdrive_chunk3_1,Romanian,Romanian
Sunset_overdrive_chunk3_2,Romanian,Romanian
Sunset_overdrive_chunk3_3,Romanian,English
SuperGantDeToilette_chunk1_0,French,French
SuperGantDeToilette_chunk1_1,French,French
SuperGantDeToilette_chunk1_2,French,French
Svenskunganka_chunk1_0,Swedish,Swedish
Svenskunganka_chunk1_1,Swedish,Swedish
Svenskunganka_chunk1_2,Swedish,Swedish
Svenskunganka_chunk1_3,Swedish,Swedish
SwagYoloJesus_chunk1_0,Hungarian,Hungarian
SwagYoloJesus_chunk1_1,Hungarian,Hungarian
SwagYoloJesus_chunk1_2,Hungarian,Hungarian
SwagYoloJesus_chunk1_3,Hungarian,Romanian
Szkwarek_chunk1_0,Bulgarian,Romanian
Szkwarek_chunk1_1,Bulgarian,Hungarian
Szkwarek_chunk1_2,Bulgarian,Polish
Szkwarek_chunk1_3,Bulgarian,Bulgarian
Szkwarek_chunk2_0,Bulgarian,Slovenian
Szkwarek_chunk2_1,Bulgarian,Estonian
Szkwarek_chunk2_2,Bulgarian,Romanian
Szkwarek_chunk2_3,Bulgarian,Bulgarian
Szkwarek_chunk2_4,Bulgarian,Portuguese
Szkwarek_chunk3_0,Bulgarian,Bulgarian
Szkwarek_chunk3_1,Bulgarian,Lithuanian
Szkwarek_chunk3_2,Bulgarian,Bulgarian
Szkwarek_chunk3_3,Bulgarian,Bulgarian
Talleyrand23_chunk1_0,French,Russian
Talleyrand23_chunk1_1,French,French
Talleyrand23_chunk1_2,French,Russian
Talleyrand23_chunk1_3,French,Bulgarian
Talleyrand23_chunk1_4,French,Romanian
Tamernak_chunk1_0,French,French
Tamernak_chunk1_1,French,French
Tamernak_chunk1_2,French,French
Tamernak_chunk1_3,French,French
Tamernak_chunk1_4,French,French
Tamernak_chunk1_5,French,French
TanktopModul_chunk1_0,German,German
TanktopModul_chunk1_1,German,Slovenian
TanktopModul_chunk1_2,German,German
TanktopModul_chunk1_3,German,German
TanktopModul_chunk2_0,German,German
TanktopModul_chunk2_1,German,Slovenian
TanktopModul_chunk2_2,German,Swedish
TanktopModul_chunk2_3,German,Hungarian
Thorzaim_chunk1_0,Turkish,Turkish
Thorzaim_chunk1_1,Turkish,Turkish
Thorzaim_chunk1_2,Turkish,Turkish
Thorzaim_chunk1_3,Turkish,Turkish
Vedran425_chunk1_0,Croatian,Serbian
Vedran425_chunk1_1,Croatian,Croatian
Vedran425_chunk1_2,Croatian,Croatian
Vedran425_chunk1_3,Croatian,Croatian
Vipix94_chunk1_0,Finish,Finish
Vipix94_chunk1_1,Finish,Finish
Vipix94_chunk1_2,Finish,Finish
Vipix94_chunk2_0,Finish,Finish
Vipix94_chunk2_1,Finish,Finish
Vipix94_chunk2_2,Finish,Estonian
Zegerszeg_chunk1_0,Hungarian,Hungarian
Zegerszeg_chunk1_1,Hungarian,Greek
Zegerszeg_chunk1_2,Hungarian,Romanian
Zegerszeg_chunk2_0,Hungarian,Hungarian
Zegerszeg_chunk2_1,Hungarian,Hungarian
Zegerszeg_chunk2_2,Hungarian,Italian
Zegerszeg_chunk3_0,Hungarian,Hungarian
Zegerszeg_chunk3_1,Hungarian,English
Zegerszeg_chunk3_2,Hungarian,Hungarian
aSerb12_chunk1_0,Serbian,Croatian
aSerb12_chunk1_1,Serbian,Serbian
aSerb12_chunk1_2,Serbian,Serbian
acodered_chunk1_0,Russian,Lithuanian
acodered_chunk1_1,Russian,Russian
acodered_chunk1_2,Russian,Russian
acodered_chunk1_3,Russian,Russian
adawidowicz_chunk1_0,Polish,Polish
adawidowicz_chunk1_1,Polish,Polish
adawidowicz_chunk1_2,Polish,Polish
adawidowicz_chunk1_3,Polish,Russian
akarlin_chunk1_0,Russian,Russian
akarlin_chunk1_1,Russian,Russian
akarlin_chunk1_2,Russian,Russian
akarlin_chunk1_3,Russian,Hungarian
akarlin_chunk1_4,Russian,Russian
akarlin_chunk2_0,Russian,Russian
akarlin_chunk2_1,Russian,Russian
akarlin_chunk2_2,Russian,Russian
akarlin_chunk2_3,Russian,Russian
akarlin_chunk3_0,Russian,Russian
akarlin_chunk3_1,Russian,Russian
akarlin_chunk3_2,Russian,Russian
akarlin_chunk3_3,Russian,French
alfarook_chunk1_0,Norwegian,Norwegian
alfarook_chunk1_1,Norwegian,Norwegian
alfarook_chunk1_2,Norwegian,Norwegian
alfarook_chunk1_3,Norwegian,Czech
alfarook_chunk2_0,Norwegian,Swedish
alfarook_chunk2_1,Norwegian,Norwegian
alfarook_chunk2_2,Norwegian,Norwegian
alfarook_chunk2_3,Norwegian,English
alfarook_chunk3_0,Norwegian,Norwegian
alfarook_chunk3_1,Norwegian,Norwegian
alfarook_chunk3_2,Norwegian,Norwegian
amorpheus_chunk1_0,German,German
amorpheus_chunk1_1,German,Hungarian
amorpheus_chunk1_2,German,Norwegian
amorpheus_chunk1_3,German,Norwegian
amorpheus_chunk2_0,German,German
amorpheus_chunk2_1,German,Romanian
amorpheus_chunk2_2,German,Norwegian
amorpheus_chunk2_3,German,Serbian
amorpheus_chunk3_0,German,German
amorpheus_chunk3_1,German,Norwegian
amorpheus_chunk3_2,German,English
amorpheus_chunk3_3,German,German
andiefreude_chunk1_0,Dutch,Romanian
andiefreude_chunk1_1,Dutch,Dutch
andiefreude_chunk1_2,Dutch,Dutch
andiefreude_chunk1_3,Dutch,Russian
arcanix93_chunk1_0,Romanian,Romanian
arcanix93_chunk1_1,Romanian,Romanian
arcanix93_chunk1_2,Romanian,Romanian
arcanix93_chunk2_0,Romanian,Romanian
arcanix93_chunk2_1,Romanian,Romanian
arcanix93_chunk2_2,Romanian,Romanian
arcanix93_chunk3_0,Romanian,Romanian
arcanix93_chunk3_1,Romanian,Romanian
arcanix93_chunk3_2,Romanian,Romanian
arcanix93_chunk3_3,Romanian,Hungarian
arienh4_chunk1_0,Dutch,Norwegian
arienh4_chunk1_1,Dutch,Dutch
arienh4_chunk1_2,Dutch,Dutch
arienh4_chunk1_3,Dutch,Dutch
arienh4_chunk2_0,Dutch,Dutch
arienh4_chunk2_1,Dutch,Dutch
arienh4_chunk2_2,Dutch,English
asd4lyfe_chunk1_0,Swedish,Swedish
asd4lyfe_chunk1_1,Swedish,Swedish
asd4lyfe_chunk1_2,Swedish,Swedish
asd4lyfe_chunk1_3,Swedish,German
babyscully_chunk1_0,Portuguese,Portuguese
babyscully_chunk1_1,Portuguese,Portuguese
babyscully_chunk1_2,Portuguese,Portuguese
badkuipmeisje_chunk1_0,Dutch,Dutch
badkuipmeisje_chunk1_1,Dutch,Dutch
badkuipmeisje_chunk1_2,Dutch,Dutch
bbfnatic_chunk1_0,Slovenian,Slovenian
bbfnatic_chunk1_1,Slovenian,Slovenian
bbfnatic_chunk1_2,Slovenian,Slovenian
bbfnatic_chunk1_3,Slovenian,Bulgarian
bbfnatic_chunk1_4,Slovenian,Serbian
bbfnatic_chunk1_5,Slovenian,Croatian
bbfnatic_chunk1_6,Slovenian,Slovenian
bicska_chunk1_0,Hungarian,Hungarian
bicska_chunk1_1,Hungarian,Hungarian
bicska_chunk1_2,Hungarian,Hungarian
bicska_chunk1_3,Hungarian,German
bicska_chunk2_0,Hungarian,Hungarian
bicska_chunk2_1,Hungarian,Hungarian
bicska_chunk2_2,Hungarian,German
bicska_chunk2_3,Hungarian,Spanish
bicska_chunk3_0,Hungarian,Hungarian
bicska_chunk3_1,Hungarian,Serbian
bicska_chunk3_2,Hungarian,Hungarian
bicska_chunk3_3,Hungarian,Croatian
bisquitsarecool_chunk1_0,Polish,Polish
bisquitsarecool_chunk1_1,Polish,Polish
bisquitsarecool_chunk1_2,Polish,Polish
bisquitsarecool_chunk1_3,Polish,Slovenian
boldrikboldrik_chunk1_0,Czech,Czech
boldrikboldrik_chunk1_1,Czech,Czech
boldrikboldrik_chunk1_2,Czech,Czech
brahmss_chunk1_0,English,German
brahmss_chunk1_1,English,Dutch
brahmss_chunk1_2,English,Portuguese
brahmss_chunk1_3,English,English
brahmss_chunk1_4,English,German
ca314tal_chunk1_0,Romanian,Romanian
ca314tal_chunk1_1,Romanian,Romanian
ca314tal_chunk1_2,Romanian,Romanian
ca314tal_chunk2_0,Romanian,Romanian
ca314tal_chunk2_1,Romanian,Hungarian
ca314tal_chunk2_2,Romanian,Hungarian
calw_chunk1_0,English,English
calw_chunk1_1,English,Norwegian
calw_chunk1_2,English,English
calw_chunk1_3,English,English
calw_chunk1_4,English,English
calw_chunk1_5,English,English
caromi3_chunk1_0,Russian,Lithuanian
caromi3_chunk1_1,Russian,Russian
caromi3_chunk1_2,Russian,Russian
caromi3_chunk1_3,Russian,Bulgarian
caromi3_chunk2_0,Russian,Russian
caromi3_chunk2_1,Russian,Russian
caromi3_chunk2_2,Russian,Russian
caromi3_chunk2_3,Russian,Russian
caromi3_chunk3_0,Russian,Russian
caromi3_chunk3_1,Russian,Russian
caromi3_chunk3_2,Russian,Russian
caromi3_chunk3_3,Russian,Russian
catman5_chunk1_0,Turkish,Turkish
catman5_chunk1_1,Turkish,Turkish
catman5_chunk1_2,Turkish,Turkish
catman5_chunk1_3,Turkish,Turkish
catman5_chunk2_0,Turkish,Turkish
catman5_chunk2_1,Turkish,Turkish
catman5_chunk2_2,Turkish,Turkish
catman5_chunk2_3,Turkish,Turkish
catman5_chunk3_0,Turkish,Turkish
catman5_chunk3_1,Turkish,Turkish
catman5_chunk3_2,Turkish,Turkish
cocojumbo123_chunk1_0,Hungarian,Hungarian
cocojumbo123_chunk1_1,Hungarian,Czech
cocojumbo123_chunk1_2,Hungarian,Hungarian
cocojumbo123_chunk1_3,Hungarian,Hungarian
cocojumbo123_chunk2_0,Hungarian,Hungarian
cocojumbo123_chunk2_1,Hungarian,Hungarian
cocojumbo123_chunk2_2,Hungarian,Hungarian
cocojumbo123_chunk2_3,Hungarian,Hungarian
cocojumbo123_chunk3_0,Hungarian,Hungarian
cocojumbo123_chunk3_1,Hungarian,Turkish
cocojumbo123_chunk3_2,Hungarian,Hungarian
cocojumbo123_chunk3_3,Hungarian,Hungarian
collectionOfTruth_chunk1_0,Serbian,Serbian
collectionOfTruth_chunk1_1,Serbian,Bulgarian
collectionOfTruth_chunk1_2,Serbian,Serbian
collectionOfTruth_chunk1_3,Serbian,Serbian
collectionOfTruth_chunk2_0,Serbian,Serbian
collectionOfTruth_chunk2_1,Serbian,Serbian
collectionOfTruth_chunk2_2,Serbian,Serbian
collectionOfTruth_chunk2_3,Serbian,Croatian
collectionOfTruth_chunk3_0,Serbian,Serbian
collectionOfTruth_chunk3_1,Serbian,Serbian
collectionOfTruth_chunk3_2,Serbian,Serbian
collectionOfTruth_chunk3_3,Serbian,Serbian
concutior_chunk1_0,Norwegian,Norwegian
concutior_chunk1_1,Norwegian,Norwegian
concutior_chunk1_2,Norwegian,Norwegian
concutior_chunk1_3,Norwegian,Norwegian
concutior_chunk2_0,Norwegian,Norwegian
concutior_chunk2_1,Norwegian,Norwegian
concutior_chunk2_2,Norwegian,Norwegian
concutior_chunk2_3,Norwegian,Norwegian
creativefox_chunk1_0,Polish,Polish
creativefox_chunk1_1,Polish,Polish
creativefox_chunk2_0,Polish,Polish
creativefox_chunk2_1,Polish,Croatian
creativefox_chunk3_0,Polish,Lithuanian
creativefox_chunk3_1,Polish,Serbian
crimebeck18_chunk1_0,Czech,Czech
crimebeck18_chunk1_1,Czech,Czech
crimebeck18_chunk1_2,Czech,Czech
crimebeck18_chunk1_3,Czech,Czech
crimebeck18_chunk2_0,Czech,Czech
crimebeck18_chunk2_1,Czech,Czech
crimebeck18_chunk2_2,Czech,Czech
crimebeck18_chunk2_3,Czech,Portuguese
daehd_moroz_chunk1_0,Estonian,Romanian
daehd_moroz_chunk1_1,Estonian,English
daehd_moroz_chunk1_2,Estonian,Portuguese
daehd_moroz_chunk1_3,Estonian,Slovenian
daehd_moroz_chunk1_4,Estonian,Portuguese
daehd_moroz_chunk2_0,Estonian,German
daehd_moroz_chunk2_1,Estonian,French
daehd_moroz_chunk2_2,Estonian,Estonian
daehd_moroz_chunk2_3,Estonian,Hungarian
daehd_moroz_chunk2_4,Estonian,Portuguese
daehd_moroz_chunk3_0,Estonian,French
daehd_moroz_chunk3_1,Estonian,French
daehd_moroz_chunk3_2,Estonian,Estonian
daehd_moroz_chunk3_3,Estonian,German
daehd_moroz_chunk3_4,Estonian,French
dezassete_chunk1_0,Portuguese,Portuguese
dezassete_chunk1_1,Portuguese,Portuguese
dezassete_chunk1_2,Portuguese,Portuguese
dezassete_chunk1_3,Portuguese,Portuguese
dezassete_chunk2_0,Portuguese,Portuguese
dezassete_chunk2_1,Portuguese,Portuguese
dezassete_chunk2_2,Portuguese,Portuguese
dezassete_chunk2_3,Portuguese,Portuguese
differentshade_chunk1_0,Estonian,Estonian
differentshade_chunk1_1,Estonian,Estonian
differentshade_chunk1_2,Estonian,Estonian
differentshade_chunk1_3,Estonian,Estonian
dmorgandub_chunk1_0,English,English
dmorgandub_chunk1_1,English,English
dmorgandub_chunk1_2,English,Bulgarian
dmorgandub_chunk1_3,English,English
dmorgandub_chunk2_0,English,German
dmorgandub_chunk2_1,English,English
dmorgandub_chunk2_2,English,English
dmorgandub_chunk2_3,English,English
dmorgandub_chunk2_4,English,English
dmorgandub_chunk2_5,English,French
dmorgandub_chunk3_0,English,English
dmorgandub_chunk3_1,English,English
dmorgandub_chunk3_2,English,English
dmorgandub_chunk3_3,English,English
ek1995_chunk1_0,Croatian,Croatian
ek1995_chunk1_1,Croatian,Norwegian
ek1995_chunk1_2,Croatian,Slovenian
ek1995_chunk2_0,Croatian,Serbian
ek1995_chunk2_1,Croatian,Slovenian
ek1995_chunk2_2,Croatian,Serbian
ek1995_chunk3_0,Croatian,Serbian
ek1995_chunk3_1,Croatian,Serbian
ek1995_chunk3_2,Croatian,Slovenian
elmiraguth_chunk1_0,Czech,Czech
elmiraguth_chunk1_1,Czech,Czech
elmiraguth_chunk1_2,Czech,Czech
elmiraguth_chunk1_3,Czech,Portuguese
elmiraguth_chunk2_0,Czech,Czech
elmiraguth_chunk2_1,Czech,Bulgarian
elmiraguth_chunk2_2,Czech,Czech
elmiraguth_chunk2_3,Czech,French
elmiraguth_chunk3_0,Czech,Czech
elmiraguth_chunk3_1,Czech,Czech
elmiraguth_chunk3_2,Czech,Czech
elmiraguth_chunk3_3,Czech,Czech
eo2603_chunk1_0,Turkish,Turkish
eo2603_chunk1_1,Turkish,Turkish
escaday_chunk1_0,Italian,Norwegian
escaday_chunk1_1,Italian,Swedish
escaday_chunk1_2,Italian,Italian
escaday_chunk1_3,Italian,Romanian
exForeignLegionnaire_chunk1_0,Norwegian,Norwegian
exForeignLegionnaire_chunk1_1,Norwegian,German
exForeignLegionnaire_chunk1_2,Norwegian,Norwegian
fishriver1_chunk1_0,Czech,Czech
fishriver1_chunk1_1,Czech,Czech
fishriver1_chunk1_2,Czech,Romanian
fishriver1_chunk1_3,Czech,Russian
flavioxavier_chunk1_0,Portuguese,Portuguese
flavioxavier_chunk1_1,Portuguese,Spanish
flavioxavier_chunk1_2,Portuguese,Portuguese
flavioxavier_chunk1_3,Portuguese,Portuguese
flavioxavier_chunk1_4,Portuguese,Portuguese
flavioxavier_chunk1_5,Portuguese,Croatian
flavioxavier_chunk2_0,Portuguese,Portuguese
flavioxavier_chunk2_1,Portuguese,Portuguese
flavioxavier_chunk2_2,Portuguese,Portuguese
flavioxavier_chunk2_3,Portuguese,Portuguese
flavioxavier_chunk2_4,Portuguese,Portuguese
flavioxavier_chunk2_5,Portuguese,Spanish
flavioxavier_chunk3_0,Portuguese,Portuguese
flavioxavier_chunk3_1,Portuguese,Spanish
flavioxavier_chunk3_2,Portuguese,Spanish
flavioxavier_chunk3_3,Portuguese,Finish
flavioxavier_chunk3_4,Portuguese,Portuguese
flavioxavier_chunk3_5,Portuguese,Portuguese
flimsy_evidence_chunk1_0,Polish,Russian
flimsy_evidence_chunk1_1,Polish,Polish
flimsy_evidence_chunk1_2,Polish,Czech
flimsy_evidence_chunk1_3,Polish,Polish
fnsv_chunk1_0,Turkish,Turkish
fnsv_chunk1_1,Turkish,Turkish
fnsv_chunk1_2,Turkish,Norwegian
fnsv_chunk1_3,Turkish,Turkish
fnsv_chunk2_0,Turkish,Turkish
fnsv_chunk2_1,Turkish,Turkish
fnsv_chunk2_2,Turkish,Turkish
fnsv_chunk3_0,Turkish,Turkish
fnsv_chunk3_1,Turkish,Turkish
fnsv_chunk3_2,Turkish,Turkish
fnsv_chunk3_3,Turkish,Finish
fooZar_chunk1_0,Slovenian,Slovenian
fooZar_chunk1_1,Slovenian,Slovenian
fooZar_chunk1_2,Slovenian,Slovenian
fooZar_chunk2_0,Slovenian,Slovenian
fooZar_chunk2_1,Slovenian,Slovenian
fooZar_chunk2_2,Slovenian,Slovenian
fooZar_chunk2_3,Slovenian,Spanish
funnyplanz_chunk1_0,Italian,Finish
funnyplanz_chunk1_1,Italian,Czech
funnyplanz_chunk1_2,Italian,Norwegian
funnyplanz_chunk1_3,Italian,Italian
funnyplanz_chunk1_4,Italian,Italian
funnyplanz_chunk2_0,Italian,Italian
funnyplanz_chunk2_1,Italian,Italian
funnyplanz_chunk2_2,Italian,Italian
funnyplanz_chunk2_3,Italian,Finish
funnyplanz_chunk2_4,Italian,Romanian
funnyplanz_chunk3_0,Italian,Czech
funnyplanz_chunk3_1,Italian,Hungarian
funnyplanz_chunk3_2,Italian,Romanian
funnyplanz_chunk3_3,Italian,Czech
funnyplanz_chunk3_4,Italian,Estonian
gamas_chunk1_0,English,English
gamas_chunk1_1,English,German
gamas_chunk1_2,English,Turkish
gamas_chunk1_3,English,Bulgarian
gamas_chunk1_4,English,Turkish
gamas_chunk2_0,English,English
gamas_chunk2_1,English,English
gamas_chunk2_2,English,English
gamas_chunk2_3,English,English
gamas_chunk2_4,English,Greek
gamas_chunk3_0,English,English
gamas_chunk3_1,English,Norwegian
gamas_chunk3_2,English,English
gamas_chunk3_3,English,Italian
gamas_chunk3_4,English,English
giputxilandes_chunk1_0,Spanish,Spanish
giputxilandes_chunk1_1,Spanish,Spanish
giputxilandes_chunk1_2,Spanish,Lithuanian
giputxilandes_chunk2_0,Spanish,Spanish
giputxilandes_chunk2_1,Spanish,Spanish
giputxilandes_chunk2_2,Spanish,Spanish
giputxilandes_chunk2_3,Spanish,German
giputxilandes_chunk3_0,Spanish,Spanish
giputxilandes_chunk3_1,Spanish,Spanish
giputxilandes_chunk3_2,Spanish,Spanish
hajena123_chunk1_0,Swedish,Swedish
hajena123_chunk1_1,Swedish,Finish
hajena123_chunk1_2,Swedish,Swedish
hajena123_chunk2_0,Swedish,Swedish
hajena123_chunk2_1,Swedish,Swedish
hajena123_chunk2_2,Swedish,Swedish
hejdiz_chunk1_0,Serbian,Serbian
hejdiz_chunk1_1,Serbian,Slovenian
hejdiz_chunk1_2,Serbian,Croatian
hejdiz_chunk2_0,Serbian,Serbian
hejdiz_chunk2_1,Serbian,Serbian
hejdiz_chunk2_2,Serbian,Dutch
hejdiz_chunk3_0,Serbian,Serbian
hejdiz_chunk3_1,Serbian,Croatian
hejdiz_chunk3_2,Serbian,Serbian
hesapmakinesi_chunk1_0,Turkish,Turkish
hesapmakinesi_chunk1_1,Turkish,Turkish
hesapmakinesi_chunk1_2,Turkish,Turkish
hesapmakinesi_chunk2_0,Turkish,Turkish
hesapmakinesi_chunk2_1,Turkish,Turkish
hesapmakinesi_chunk2_2,Turkish,Turkish
hipokryzja_chunk1_0,Polish,Polish
hipokryzja_chunk1_1,Polish,Polish
hipokryzja_chunk1_2,Polish,Polish
hipokryzja_chunk1_3,Polish,Norwegian
hipokryzja_chunk2_0,Polish,Polish
hipokryzja_chunk2_1,Polish,Polish
hipokryzja_chunk2_2,Polish,Spanish
hipokryzja_chunk2_3,Polish,Polish
hipokryzja_chunk3_0,Polish,Polish
hipokryzja_chunk3_1,Polish,Polish
hipokryzja_chunk3_2,Polish,Polish
hipokryzja_chunk3_3,Polish,Polish
hipokryzja_chunk3_4,Polish,Hungarian
iheartnickleback_chunk1_0,Bulgarian,Bulgarian
iheartnickleback_chunk1_1,Bulgarian,Bulgarian
iheartnickleback_chunk1_2,Bulgarian,Bulgarian
iheartnickleback_chunk1_3,Bulgarian,Bulgarian
iheartnickleback_chunk1_4,Bulgarian,Lithuanian
intromatt_chunk1_0,Bulgarian,Bulgarian
intromatt_chunk1_1,Bulgarian,Bulgarian
intromatt_chunk1_2,Bulgarian,Bulgarian
intromatt_chunk2_0,Bulgarian,Bulgarian
intromatt_chunk2_1,Bulgarian,Polish
intromatt_chunk2_2,Bulgarian,Greek
intromatt_chunk3_0,Bulgarian,Bulgarian
intromatt_chunk3_1,Bulgarian,Bulgarian
intromatt_chunk3_2,Bulgarian,Bulgarian
inzesky_chunk1_0,Bulgarian,Bulgarian
inzesky_chunk1_1,Bulgarian,Bulgarian
inzesky_chunk1_2,Bulgarian,Bulgarian
inzesky_chunk2_0,Bulgarian,Bulgarian
inzesky_chunk2_1,Bulgarian,Bulgarian
inzesky_chunk2_2,Bulgarian,Hungarian
inzesky_chunk2_3,Bulgarian,Swedish
inzesky_chunk3_0,Bulgarian,Bulgarian
inzesky_chunk3_1,Bulgarian,Bulgarian
inzesky_chunk3_2,Bulgarian,Bulgarian
inzesky_chunk3_3,Bulgarian,Turkish
jahboots_chunk1_0,English,English
jahboots_chunk1_1,English,English
jahboots_chunk1_2,English,English
jahboots_chunk1_3,English,German
jahboots_chunk2_0,English,English
jahboots_chunk2_1,English,English
jahboots_chunk2_2,English,English
jahboots_chunk2_3,English,English
jahboots_chunk3_0,English,English
jahboots_chunk3_1,English,English
jahboots_chunk3_2,English,English
jahboots_chunk3_3,English,Bulgarian
jayjr_chunk1_0,Italian,Czech
jayjr_chunk1_1,Italian,Romanian
jayjr_chunk1_2,Italian,Bulgarian
jayjr_chunk1_3,Italian,Greek
jetsparrow_chunk1_0,Russian,Russian
jetsparrow_chunk1_1,Russian,Russian
jetsparrow_chunk1_2,Russian,Russian
jiangyou_chunk1_0,Italian,Italian
jiangyou_chunk1_1,Italian,Turkish
jiangyou_chunk1_2,Italian,German
jiangyou_chunk2_0,Italian,German
jiangyou_chunk2_1,Italian,German
jiangyou_chunk2_2,Italian,German
jiangyou_chunk2_3,Italian,German
jiangyou_chunk3_0,Italian,German
jiangyou_chunk3_1,Italian,Dutch
jiangyou_chunk3_2,Italian,German
jiangyou_chunk3_3,Italian,Swedish
jjBregsit_chunk1_0,Bulgarian,Bulgarian
jjBregsit_chunk1_1,Bulgarian,Bulgarian
jjBregsit_chunk1_2,Bulgarian,Bulgarian
jjBregsit_chunk1_3,Bulgarian,Bulgarian
jjBregsit_chunk2_0,Bulgarian,Bulgarian
jjBregsit_chunk2_1,Bulgarian,Turkish
jjBregsit_chunk2_2,Bulgarian,French
jjBregsit_chunk3_0,Bulgarian,Bulgarian
jjBregsit_chunk3_1,Bulgarian,Czech
jjBregsit_chunk3_2,Bulgarian,Turkish
juremes_chunk1_0,Slovenian,Czech
juremes_chunk1_1,Slovenian,Slovenian
juremes_chunk1_2,Slovenian,Slovenian
juremes_chunk1_3,Slovenian,German
juremes_chunk2_0,Slovenian,Finish
juremes_chunk2_1,Slovenian,Slovenian
juremes_chunk2_2,Slovenian,Dutch
juremes_chunk2_3,Slovenian,French
juremes_chunk3_0,Slovenian,Slovenian
juremes_chunk3_1,Slovenian,Slovenian
juremes_chunk3_2,Slovenian,Slovenian
juremes_chunk3_3,Slovenian,German
kalleluuja_chunk1_0,Estonian,Lithuanian
kalleluuja_chunk1_1,Estonian,Croatian
kalleluuja_chunk1_2,Estonian,Lithuanian
kalleluuja_chunk1_3,Estonian,Swedish
kalleluuja_chunk2_0,Estonian,Estonian
kalleluuja_chunk2_1,Estonian,Lithuanian
kalleluuja_chunk2_2,Estonian,Lithuanian
kalleluuja_chunk3_0,Estonian,Russian
kalleluuja_chunk3_1,Estonian,Russian
kalleluuja_chunk3_2,Estonian,Lithuanian
katzid_chunk1_0,Norwegian,Polish
katzid_chunk1_1,Norwegian,Italian
katzid_chunk1_2,Norwegian,German
katzid_chunk1_3,Norwegian,Polish
katzid_chunk2_0,Norwegian,Russian
katzid_chunk2_1,Norwegian,Croatian
katzid_chunk2_2,Norwegian,Russian
katzid_chunk2_3,Norwegian,Lithuanian
katzid_chunk3_0,Norwegian,Russian
katzid_chunk3_1,Norwegian,Russian
katzid_chunk3_2,Norwegian,Czech
katzid_chunk3_3,Norwegian,Russian
kiiraklis94_chunk1_0,Greek,Greek
kiiraklis94_chunk1_1,Greek,Greek
kiiraklis94_chunk1_2,Greek,Greek
killah_moose_chunk1_0,Norwegian,Norwegian
killah_moose_chunk1_1,Norwegian,Norwegian
killah_moose_chunk1_2,Norwegian,Norwegian
killah_moose_chunk1_3,Norwegian,Norwegian
killah_moose_chunk2_0,Norwegian,Norwegian
killah_moose_chunk2_1,Norwegian,Norwegian
killah_moose_chunk2_2,Norwegian,Norwegian
killah_moose_chunk2_3,Norwegian,Polish
killah_moose_chunk3_0,Norwegian,Czech
killah_moose_chunk3_1,Norwegian,Norwegian
killah_moose_chunk3_2,Norwegian,Norwegian
killah_moose_chunk3_3,Norwegian,Norwegian
kurav_chunk1_0,Finish,English
kurav_chunk1_1,Finish,Finish
kurav_chunk1_2,Finish,Lithuanian
kurav_chunk1_3,Finish,Russian
kurav_chunk2_0,Finish,Finish
kurav_chunk2_1,Finish,Finish
kurav_chunk2_2,Finish,Finish
kurav_chunk2_3,Finish,Finish
kurav_chunk2_4,Finish,Finish
kurav_chunk2_5,Finish,Finish
kurav_chunk3_0,Finish,Finish
kurav_chunk3_1,Finish,Estonian
kurav_chunk3_2,Finish,Finish
kurav_chunk3_3,Finish,Finish
l-w_chunk1_0,Finish,Finish
l-w_chunk1_1,Finish,Finish
l-w_chunk1_2,Finish,Finish
l-w_chunk1_3,Finish,Bulgarian
l-w_chunk2_0,Finish,Finish
l-w_chunk2_1,Finish,Finish
l-w_chunk2_2,Finish,Finish
l-w_chunk2_3,Finish,French
left2die_chunk1_0,Slovenian,Slovenian
left2die_chunk1_1,Slovenian,Slovenian
left2die_chunk1_2,Slovenian,Greek
left2die_chunk2_0,Slovenian,Slovenian
left2die_chunk2_1,Slovenian,Czech
left2die_chunk2_2,Slovenian,Slovenian
left2die_chunk2_3,Slovenian,Slovenian
left2die_chunk3_0,Slovenian,Slovenian
left2die_chunk3_1,Slovenian,Slovenian
left2die_chunk3_2,Slovenian,Serbian
left2die_chunk3_3,Slovenian,Slovenian
lud1120_chunk1_0,Swedish,Swedish
lud1120_chunk1_1,Swedish,Norwegian
lud1120_chunk1_2,Swedish,Norwegian
lud1120_chunk1_3,Swedish,Swedish
lud1120_chunk2_0,Swedish,Swedish
lud1120_chunk2_1,Swedish,Turkish
lud1120_chunk2_2,Swedish,Spanish
lud1120_chunk2_3,Swedish,Norwegian
lud1120_chunk3_0,Swedish,French
lud1120_chunk3_1,Swedish,Swedish
lud1120_chunk3_2,Swedish,Swedish
lud1120_chunk3_3,Swedish,Swedish
luomo_tigre_chunk1_0,Polish,Polish
luomo_tigre_chunk1_1,Polish,Polish
luomo_tigre_chunk1_2,Polish,Russian
luomo_tigre_chunk1_3,Polish,Polish
luomo_tigre_chunk2_0,Polish,Polish
luomo_tigre_chunk2_1,Polish,Polish
luomo_tigre_chunk2_2,Polish,Polish
luomo_tigre_chunk2_3,Polish,Polish
luomo_tigre_chunk3_0,Polish,Polish
luomo_tigre_chunk3_1,Polish,Polish
luomo_tigre_chunk3_2,Polish,Polish
luomo_tigre_chunk3_3,Polish,Polish
luomo_tigre_chunk3_4,Polish,Polish
marquecz_chunk1_0,Czech,Czech
marquecz_chunk1_1,Czech,Czech
marquecz_chunk1_2,Czech,Czech
marquecz_chunk1_3,Czech,Czech
marquecz_chunk1_4,Czech,Czech
marquecz_chunk1_5,Czech,Czech
marquecz_chunk2_0,Czech,Czech
marquecz_chunk2_1,Czech,Czech
marquecz_chunk2_2,Czech,Czech
marquecz_chunk2_3,Czech,Czech
marquecz_chunk3_0,Czech,Czech
marquecz_chunk3_1,Czech,Czech
marquecz_chunk3_2,Czech,Czech
marquecz_chunk3_3,Czech,Czech
maxpowerer_chunk1_0,Dutch,Dutch
maxpowerer_chunk1_1,Dutch,Dutch
maxpowerer_chunk1_2,Dutch,Swedish
maxpowerer_chunk1_3,Dutch,Portuguese
maxpowerer_chunk2_0,Dutch,Russian
maxpowerer_chunk2_1,Dutch,Dutch
maxpowerer_chunk2_2,Dutch,Dutch
maxpowerer_chunk2_3,Dutch,Dutch
maxpowerer_chunk3_0,Dutch,Hungarian
maxpowerer_chunk3_1,Dutch,Dutch
maxpowerer_chunk3_2,Dutch,Dutch
maxpowerer_chunk3_3,Dutch,Dutch
medborgaren_chunk1_0,Swedish,Norwegian
medborgaren_chunk1_1,Swedish,Swedish
medborgaren_chunk1_2,Swedish,English
medborgaren_chunk1_3,Swedish,Swedish
medborgaren_chunk2_0,Swedish,Swedish
medborgaren_chunk2_1,Swedish,Swedish
medborgaren_chunk2_2,Swedish,Swedish
medborgaren_chunk2_3,Swedish,Swedish
medborgaren_chunk3_0,Swedish,Swedish
medborgaren_chunk3_1,Swedish,Swedish
medborgaren_chunk3_2,Swedish,Swedish
medborgaren_chunk3_3,Swedish,Swedish
melonpaste_chunk1_0,Portuguese,French
melonpaste_chunk1_1,Portuguese,French
melonpaste_chunk1_2,Portuguese,French
mindalero_chunk1_0,Greek,Greek
mindalero_chunk1_1,Greek,Turkish
mindalero_chunk1_2,Greek,Greek
mindalero_chunk2_0,Greek,Turkish
mindalero_chunk2_1,Greek,Turkish
mindalero_chunk2_2,Greek,Turkish
mindalero_chunk2_3,Greek,Italian
mindalero_chunk3_0,Greek,Greek
mindalero_chunk3_1,Greek,Greek
mindalero_chunk3_2,Greek,Romanian
mmarsovac_chunk1_0,Serbian,Serbian
mmarsovac_chunk1_1,Serbian,Serbian
mmarsovac_chunk1_2,Serbian,Serbian
mmarsovac_chunk1_3,Serbian,Croatian
mmarsovac_chunk2_0,Serbian,Serbian
mmarsovac_chunk2_1,Serbian,Serbian
mmarsovac_chunk2_2,Serbian,Serbian
mmarsovac_chunk2_3,Serbian,Serbian
mmarsovac_chunk3_0,Serbian,Croatian
mmarsovac_chunk3_1,Serbian,Croatian
mmarsovac_chunk3_2,Serbian,Serbian
mmarsovac_chunk3_3,Serbian,Serbian
mmarsovac_chunk3_4,Serbian,Serbian
mourningtea_chunk1_0,Russian,Russian
mourningtea_chunk1_1,Russian,Russian
mourningtea_chunk1_2,Russian,Russian
mrmgl_chunk1_0,Greek,Greek
mrmgl_chunk1_1,Greek,Greek
mrmgl_chunk1_2,Greek,Greek
mrmgl_chunk2_0,Greek,Greek
mrmgl_chunk2_1,Greek,Greek
mrmgl_chunk2_2,Greek,Greek
mrmgl_chunk3_0,Greek,Greek
mrmgl_chunk3_1,Greek,Greek
mrmgl_chunk3_2,Greek,Greek
muupeerd_chunk1_0,Dutch,Dutch
muupeerd_chunk1_1,Dutch,Dutch
muupeerd_chunk1_2,Dutch,Dutch
muupeerd_chunk1_3,Dutch,Dutch
muupeerd_chunk2_0,Dutch,Dutch
muupeerd_chunk2_1,Dutch,Dutch
muupeerd_chunk2_2,Dutch,Dutch
muupeerd_chunk2_3,Dutch,Dutch
muupeerd_chunk2_4,Dutch,Dutch
muupeerd_chunk3_0,Dutch,Dutch
muupeerd_chunk3_1,Dutch,Dutch
muupeerd_chunk3_2,Dutch,Dutch
muupeerd_chunk3_3,Dutch,Estonian
muupeerd_chunk3_4,Dutch,Dutch
mvlad88_chunk1_0,Romanian,Czech
mvlad88_chunk1_1,Romanian,Romanian
mvlad88_chunk1_2,Romanian,Czech
mvlad88_chunk2_0,Romanian,Romanian
mvlad88_chunk2_1,Romanian,Romanian
mvlad88_chunk2_2,Romanian,Romanian
napaszmek_chunk1_0,Hungarian,Hungarian
napaszmek_chunk1_1,Hungarian,Hungarian
napaszmek_chunk1_2,Hungarian,Hungarian
napaszmek_chunk2_0,Hungarian,Hungarian
napaszmek_chunk2_1,Hungarian,Hungarian
napaszmek_chunk2_2,Hungarian,Hungarian
napaszmek_chunk3_0,Hungarian,Hungarian
napaszmek_chunk3_1,Hungarian,Bulgarian
napaszmek_chunk3_2,Hungarian,Hungarian
narcemea_chunk1_0,Bulgarian,Bulgarian
narcemea_chunk1_1,Bulgarian,Bulgarian
narcemea_chunk1_2,Bulgarian,Polish
narcemea_chunk1_3,Bulgarian,Bulgarian
narcemea_chunk2_0,Bulgarian,Bulgarian
narcemea_chunk2_1,Bulgarian,English
narcemea_chunk2_2,Bulgarian,Slovenian
narcemea_chunk2_3,Bulgarian,Spanish
narcemea_chunk3_0,Bulgarian,Bulgarian
narcemea_chunk3_1,Bulgarian,Finish
narcemea_chunk3_2,Bulgarian,Russian
naughtydismutase_chunk1_0,Portuguese,Portuguese
naughtydismutase_chunk1_1,Portuguese,Portuguese
naughtydismutase_chunk1_2,Portuguese,Portuguese
naughtydismutase_chunk2_0,Portuguese,Greek
naughtydismutase_chunk2_1,Portuguese,Portuguese
naughtydismutase_chunk2_2,Portuguese,Portuguese
naughtydismutase_chunk3_0,Portuguese,Portuguese
naughtydismutase_chunk3_1,Portuguese,Portuguese
naughtydismutase_chunk3_2,Portuguese,Portuguese
newmanupatton_chunk1_0,Turkish,Turkish
newmanupatton_chunk1_1,Turkish,Turkish
newmanupatton_chunk1_2,Turkish,Turkish
newmanupatton_chunk2_0,Turkish,Turkish
newmanupatton_chunk2_1,Turkish,Turkish
newmanupatton_chunk2_2,Turkish,Greek
newmanupatton_chunk3_0,Turkish,Turkish
newmanupatton_chunk3_1,Turkish,Turkish
newmanupatton_chunk3_2,Turkish,Turkish
nitoko_chunk1_0,Bulgarian,Bulgarian
nitoko_chunk1_1,Bulgarian,Serbian
nitoko_chunk1_2,Bulgarian,Bulgarian
nitoko_chunk1_3,Bulgarian,Bulgarian
nitoko_chunk2_0,Bulgarian,Czech
nitoko_chunk2_1,Bulgarian,Bulgarian
nitoko_chunk2_2,Bulgarian,Bulgarian
nitoko_chunk2_3,Bulgarian,Bulgarian
nitoko_chunk3_0,Bulgarian,Swedish
nitoko_chunk3_1,Bulgarian,Bulgarian
nitoko_chunk3_2,Bulgarian,Bulgarian
nitoko_chunk3_3,Bulgarian,Bulgarian
nod23b_chunk1_0,Norwegian,Norwegian
nod23b_chunk1_1,Norwegian,Swedish
nod23b_chunk1_2,Norwegian,Norwegian
nod23b_chunk1_3,Norwegian,Italian
nod23b_chunk2_0,Norwegian,Norwegian
nod23b_chunk2_1,Norwegian,Norwegian
nod23b_chunk2_2,Norwegian,Norwegian
nod23b_chunk2_3,Norwegian,Norwegian
nod23b_chunk3_0,Norwegian,Norwegian
nod23b_chunk3_1,Norwegian,Norwegian
nod23b_chunk3_2,Norwegian,Norwegian
nsguy87_chunk1_0,Czech,Czech
nsguy87_chunk1_1,Czech,Dutch
nsguy87_chunk1_2,Czech,Hungarian
nsguy87_chunk1_3,Czech,Russian
nsguy87_chunk1_4,Czech,Czech
ob4c_chunk1_0,Greek,Swedish
ob4c_chunk1_1,Greek,Greek
ob4c_chunk1_2,Greek,Greek
ob4c_chunk1_3,Greek,Norwegian
ob4c_chunk2_0,Greek,Greek
ob4c_chunk2_1,Greek,Greek
ob4c_chunk2_2,Greek,Greek
ob4c_chunk2_3,Greek,Greek
paganel_chunk1_0,Romanian,Romanian
paganel_chunk1_1,Romanian,Romanian
paganel_chunk1_2,Romanian,Romanian
paganel_chunk1_3,Romanian,Hungarian
paganel_chunk1_4,Romanian,Romanian
paganel_chunk1_5,Romanian,Romanian
paganel_chunk2_0,Romanian,Romanian
paganel_chunk2_1,Romanian,French
paganel_chunk2_2,Romanian,French
paganel_chunk2_3,Romanian,French
paganel_chunk2_4,Romanian,German
paganel_chunk2_5,Romanian,German
paganel_chunk3_0,Romanian,Bulgarian
paganel_chunk3_1,Romanian,Romanian
paganel_chunk3_2,Romanian,Romanian
paganel_chunk3_3,Romanian,Romanian
paganel_chunk3_4,Romanian,Romanian
pas12_chunk1_0,Croatian,Croatian
pas12_chunk1_1,Croatian,Serbian
pas12_chunk1_2,Croatian,Croatian
pas12_chunk1_3,Croatian,Norwegian
pas12_chunk2_0,Croatian,Slovenian
pas12_chunk2_1,Croatian,Croatian
pas12_chunk2_2,Croatian,Croatian
pas12_chunk2_3,Croatian,German
perk11_chunk1_0,Russian,Russian
perk11_chunk1_1,Russian,Russian
perk11_chunk1_2,Russian,Russian
perk11_chunk1_3,Russian,Russian
petardik_chunk1_0,Slovenian,Slovenian
petardik_chunk1_1,Slovenian,Slovenian
petardik_chunk1_2,Slovenian,Slovenian
petardik_chunk2_0,Slovenian,Slovenian
petardik_chunk2_1,Slovenian,Slovenian
petardik_chunk2_2,Slovenian,Slovenian
philip1201_chunk1_0,Dutch,English
philip1201_chunk1_1,Dutch,Dutch
philip1201_chunk1_2,Dutch,Finish
philip1201_chunk1_3,Dutch,Norwegian
philip1201_chunk1_4,Dutch,Romanian
philip1201_chunk2_0,Dutch,Dutch
philip1201_chunk2_1,Dutch,English
philip1201_chunk2_2,Dutch,German
philip1201_chunk2_3,Dutch,Romanian
philip1201_chunk2_4,Dutch,French
philip1201_chunk3_0,Dutch,Italian
philip1201_chunk3_1,Dutch,English
philip1201_chunk3_2,Dutch,Dutch
philip1201_chunk3_3,Dutch,French
philip1201_chunk3_4,Dutch,Dutch
piratesas_chunk1_0,Dutch,Dutch
piratesas_chunk1_1,Dutch,Dutch
piratesas_chunk1_2,Dutch,Dutch
piratesas_chunk1_3,Dutch,Dutch
piratesas_chunk2_0,Dutch,Dutch
piratesas_chunk2_1,Dutch,Dutch
piratesas_chunk2_2,Dutch,Dutch
piratesas_chunk3_0,Dutch,Dutch
piratesas_chunk3_1,Dutch,Dutch
piratesas_chunk3_2,Dutch,Dutch
pooooooooooooooo0oop_chunk1_0,Bulgarian,Bulgarian
pooooooooooooooo0oop_chunk1_1,Bulgarian,Bulgarian
pooooooooooooooo0oop_chunk1_2,Bulgarian,Lithuanian
pooooooooooooooo0oop_chunk2_0,Bulgarian,Greek
pooooooooooooooo0oop_chunk2_1,Bulgarian,Italian
pooooooooooooooo0oop_chunk2_2,Bulgarian,Hungarian
pooooooooooooooo0oop_chunk2_3,Bulgarian,Bulgarian
pooooooooooooooo0oop_chunk3_0,Bulgarian,Spanish
pooooooooooooooo0oop_chunk3_1,Bulgarian,Bulgarian
pooooooooooooooo0oop_chunk3_2,Bulgarian,Bulgarian
powerage76_chunk1_0,Hungarian,Hungarian
powerage76_chunk1_1,Hungarian,Hungarian
powerage76_chunk1_2,Hungarian,Hungarian
powerage76_chunk2_0,Hungarian,Hungarian
powerage76_chunk2_1,Hungarian,Hungarian
powerage76_chunk2_2,Hungarian,Hungarian
powerage76_chunk2_3,Hungarian,Slovenian
powerage76_chunk3_0,Hungarian,Hungarian
powerage76_chunk3_1,Hungarian,Hungarian
powerage76_chunk3_2,Hungarian,Hungarian
powerage76_chunk3_3,Hungarian,Hungarian
quiditvinditpotdevin_chunk1_0,French,French
quiditvinditpotdevin_chunk1_1,French,French
quiditvinditpotdevin_chunk1_2,French,French
quiditvinditpotdevin_chunk1_3,French,French
quiditvinditpotdevin_chunk2_0,French,French
quiditvinditpotdevin_chunk2_1,French,French
quiditvinditpotdevin_chunk2_2,French,French
quiditvinditpotdevin_chunk3_0,French,French
quiditvinditpotdevin_chunk3_1,French,French
quiditvinditpotdevin_chunk3_2,French,French
quiditvinditpotdevin_chunk3_3,French,Hungarian
raminus_chunk1_0,Spanish,Spanish
raminus_chunk1_1,Spanish,Spanish
raminus_chunk1_2,Spanish,Spanish
raminus_chunk1_3,Spanish,Serbian
raminus_chunk2_0,Spanish,Spanish
raminus_chunk2_1,Spanish,Romanian
raminus_chunk2_2,Spanish,Italian
raminus_chunk2_3,Spanish,English
reddit_user_54_chunk1_0,Estonian,Estonian
reddit_user_54_chunk1_1,Estonian,Estonian
reddit_user_54_chunk1_2,Estonian,Estonian
reddit_user_54_chunk1_3,Estonian,Estonian
reddit_user_54_chunk1_4,Estonian,Estonian
rummy11_chunk1_0,German,Bulgarian
rummy11_chunk1_1,German,German
rummy11_chunk1_2,German,German
sWEEDen_chunk1_0,Swedish,Swedish
sWEEDen_chunk1_1,Swedish,Swedish
sWEEDen_chunk1_2,Swedish,Swedish
sWEEDen_chunk2_0,Swedish,Estonian
sWEEDen_chunk2_1,Swedish,Swedish
sWEEDen_chunk2_2,Swedish,Swedish
sWEEDen_chunk2_3,Swedish,Swedish
satellizerLB_chunk1_0,Turkish,Turkish
satellizerLB_chunk1_1,Turkish,Turkish
satellizerLB_chunk1_2,Turkish,Turkish
satellizerLB_chunk1_3,Turkish,Greek
satellizerLB_chunk2_0,Turkish,Turkish
satellizerLB_chunk2_1,Turkish,Turkish
satellizerLB_chunk2_2,Turkish,Turkish
satellizerLB_chunk2_3,Turkish,Turkish
satellizerLB_chunk3_0,Turkish,Turkish
satellizerLB_chunk3_1,Turkish,Turkish
satellizerLB_chunk3_2,Turkish,Turkish
satellizerLB_chunk3_3,Turkish,Turkish
shikana64_chunk1_0,Slovenian,Spanish
shikana64_chunk1_1,Slovenian,Slovenian
shikana64_chunk1_2,Slovenian,Slovenian
shikana64_chunk1_3,Slovenian,Slovenian
shikana64_chunk2_0,Slovenian,Czech
shikana64_chunk2_1,Slovenian,Bulgarian
shikana64_chunk2_2,Slovenian,Spanish
shikana64_chunk2_3,Slovenian,Spanish
shikana64_chunk3_0,Slovenian,Slovenian
shikana64_chunk3_1,Slovenian,Slovenian
shikana64_chunk3_2,Slovenian,Slovenian
shikana64_chunk3_3,Slovenian,Czech
sloboznia_chunk1_0,Romanian,Romanian
sloboznia_chunk1_1,Romanian,Romanian
sloboznia_chunk1_2,Romanian,Hungarian
sloboznia_chunk1_3,Romanian,Slovenian
sloboznia_chunk1_4,Romanian,Croatian
sloboznia_chunk2_0,Romanian,Romanian
sloboznia_chunk2_1,Romanian,Dutch
sloboznia_chunk2_2,Romanian,Swedish
sloboznia_chunk2_3,Romanian,Portuguese
sloboznia_chunk3_0,Romanian,Romanian
sloboznia_chunk3_1,Romanian,Romanian
sloboznia_chunk3_2,Romanian,Romanian
sloboznia_chunk3_3,Romanian,Romanian
sn0r_chunk1_0,Dutch,Dutch
sn0r_chunk1_1,Dutch,Dutch
sn0r_chunk1_2,Dutch,Dutch
sn0r_chunk1_3,Dutch,English
sn0r_chunk2_0,Dutch,Portuguese
sn0r_chunk2_1,Dutch,Greek
sn0r_chunk2_2,Dutch,Greek
sn0r_chunk2_3,Dutch,English
sn0r_chunk3_0,Dutch,Dutch
sn0r_chunk3_1,Dutch,Dutch
sn0r_chunk3_2,Dutch,Dutch
sn0r_chunk3_3,Dutch,Swedish
snorting_dandelions_chunk1_0,German,German
snorting_dandelions_chunk1_1,German,Hungarian
snorting_dandelions_chunk1_2,German,German
snorting_dandelions_chunk1_3,German,German
snorting_dandelions_chunk2_0,German,German
snorting_dandelions_chunk2_1,German,English
snorting_dandelions_chunk2_2,German,French
snorting_dandelions_chunk2_3,German,English
snorting_dandelions_chunk2_4,German,Romanian
snorting_dandelions_chunk3_0,German,German
snorting_dandelions_chunk3_1,German,German
snorting_dandelions_chunk3_2,German,German
snorting_dandelions_chunk3_3,German,Dutch
sorrymak_chunk1_0,Russian,Russian
sorrymak_chunk1_1,Russian,Russian
sorrymak_chunk1_2,Russian,Russian
sorrymak_chunk1_3,Russian,Russian
sphks_chunk1_0,French,French
sphks_chunk1_1,French,French
sphks_chunk1_2,French,French
sphks_chunk1_3,French,French
sphks_chunk2_0,French,French
sphks_chunk2_1,French,French
sphks_chunk2_2,French,German
sphks_chunk2_3,French,Hungarian
sphks_chunk3_0,French,French
sphks_chunk3_1,French,French
sphks_chunk3_2,French,French
stavroudis_chunk1_0,Greek,Greek
stavroudis_chunk1_1,Greek,Greek
stavroudis_chunk1_2,Greek,Greek
stavroudis_chunk1_3,Greek,Greek
strangemister_chunk1_0,Spanish,Spanish
strangemister_chunk1_1,Spanish,Spanish
strangemister_chunk1_2,Spanish,Spanish
strangemister_chunk1_3,Spanish,Spanish
strangemister_chunk1_4,Spanish,Spanish
strangemister_chunk1_5,Spanish,Spanish
strangemister_chunk2_0,Spanish,Spanish
strangemister_chunk2_1,Spanish,Spanish
strangemister_chunk2_2,Spanish,Spanish
strangemister_chunk2_3,Spanish,Spanish
strangemister_chunk3_0,Spanish,Spanish
strangemister_chunk3_1,Spanish,Spanish
strangemister_chunk3_2,Spanish,Spanish
tanyalukyanova_chunk1_0,Russian,Romanian
tanyalukyanova_chunk1_1,Russian,Lithuanian
tetszikerteni_chunk1_0,Hungarian,Hungarian
tetszikerteni_chunk1_1,Hungarian,Czech
tetszikerteni_chunk1_2,Hungarian,Hungarian
tetszikerteni_chunk2_0,Hungarian,Hungarian
tetszikerteni_chunk2_1,Hungarian,Hungarian
tetszikerteni_chunk2_2,Hungarian,Hungarian
tetszikerteni_chunk2_3,Hungarian,Hungarian
tetszikerteni_chunk2_4,Hungarian,Hungarian
tetszikerteni_chunk3_0,Hungarian,Spanish
tetszikerteni_chunk3_1,Hungarian,Hungarian
tetszikerteni_chunk3_2,Hungarian,Hungarian
tetszikerteni_chunk3_3,Hungarian,Hungarian
thatguyfromb4_chunk1_0,Italian,French
thatguyfromb4_chunk1_1,Italian,French
thatguyfromb4_chunk1_2,Italian,French
thatguyfromb4_chunk2_0,Italian,Portuguese
thatguyfromb4_chunk2_1,Italian,Bulgarian
thatguyfromb4_chunk2_2,Italian,French
thatguyfromb4_chunk2_3,Italian,Italian
thatguyfromb4_chunk3_0,Italian,Italian
thatguyfromb4_chunk3_1,Italian,Italian
thatguyfromb4_chunk3_2,Italian,Italian
thatguyfromb4_chunk3_3,Italian,Italian
thatsjustsowrong_chunk1_0,Russian,Russian
thatsjustsowrong_chunk1_1,Russian,Lithuanian
thatsjustsowrong_chunk1_2,Russian,Lithuanian
thatsjustsowrong_chunk1_3,Russian,Lithuanian
thatsjustsowrong_chunk2_0,Russian,Russian
thatsjustsowrong_chunk2_1,Russian,Russian
thatsjustsowrong_chunk2_2,Russian,Russian
thatsjustsowrong_chunk2_3,Russian,Russian
thatsjustsowrong_chunk3_0,Russian,Russian
thatsjustsowrong_chunk3_1,Russian,Lithuanian
thatsjustsowrong_chunk3_2,Russian,Russian
thatsjustsowrong_chunk3_3,Russian,Russian
thatsjustsowrong_chunk3_4,Russian,Russian
theCroc_chunk1_0,Swedish,Swedish
theCroc_chunk1_1,Swedish,Swedish
theCroc_chunk1_2,Swedish,Bulgarian
theCroc_chunk2_0,Swedish,Finish
theCroc_chunk2_1,Swedish,Swedish
theCroc_chunk2_2,Swedish,Swedish
theCroc_chunk2_3,Swedish,German
theCroc_chunk3_0,Swedish,Russian
theCroc_chunk3_1,Swedish,Italian
theCroc_chunk3_2,Swedish,Finish
throwawaylabas_chunk1_0,Lithuanian,Polish
throwawaylabas_chunk1_1,Lithuanian,Polish
throwawaylabas_chunk1_2,Lithuanian,Lithuanian
throwawaylabas_chunk1_3,Lithuanian,Polish
throwawaylabas_chunk2_0,Lithuanian,Lithuanian
throwawaylabas_chunk2_1,Lithuanian,German
throwawaylabas_chunk2_2,Lithuanian,Russian
throwawaylabas_chunk2_3,Lithuanian,Lithuanian
throwawaylabas_chunk2_4,Lithuanian,Czech
throwawaylabas_chunk3_0,Lithuanian,Lithuanian
throwawaylabas_chunk3_1,Lithuanian,Lithuanian
throwawaylabas_chunk3_2,Lithuanian,Lithuanian
throwawaylabas_chunk3_3,Lithuanian,Lithuanian
tmore_chunk1_0,Slovenian,Italian
tmore_chunk1_1,Slovenian,Slovenian
tmore_chunk1_2,Slovenian,Russian
tmore_chunk1_3,Slovenian,English
tmore_chunk2_0,Slovenian,Croatian
tmore_chunk2_1,Slovenian,Romanian
tmore_chunk2_2,Slovenian,Romanian
tmore_chunk2_3,Slovenian,Bulgarian
topsecretaccountmega_chunk1_0,Slovenian,Croatian
topsecretaccountmega_chunk1_1,Slovenian,Slovenian
topsecretaccountmega_chunk1_2,Slovenian,German
totalrandomperson_chunk1_0,Turkish,Swedish
totalrandomperson_chunk1_1,Turkish,Swedish
totalrandomperson_chunk1_2,Turkish,Turkish
totalrandomperson_chunk1_3,Turkish,Italian
totalrandomperson_chunk2_0,Turkish,Turkish
totalrandomperson_chunk2_1,Turkish,Hungarian
totalrandomperson_chunk2_2,Turkish,Turkish
totalrandomperson_chunk3_0,Turkish,Turkish
totalrandomperson_chunk3_1,Turkish,German
totalrandomperson_chunk3_2,Turkish,Turkish
trillo69_chunk1_0,Spanish,German
trillo69_chunk1_1,Spanish,Spanish
trillo69_chunk1_2,Spanish,Spanish
trillo69_chunk1_3,Spanish,Spanish
trillo69_chunk2_0,Spanish,Spanish
trillo69_chunk2_1,Spanish,Greek
trillo69_chunk2_2,Spanish,Spanish
trillo69_chunk2_3,Spanish,Spanish
trillo69_chunk2_4,Spanish,Spanish
trillo69_chunk3_0,Spanish,Spanish
trillo69_chunk3_1,Spanish,Greek
trillo69_chunk3_2,Spanish,Spanish
trillo69_chunk3_3,Spanish,Spanish
vehement_nihilist_chunk1_0,Italian,Greek
vehement_nihilist_chunk1_1,Italian,German
vehement_nihilist_chunk1_2,Italian,Italian
vehement_nihilist_chunk2_0,Italian,Italian
vehement_nihilist_chunk2_1,Italian,Italian
vehement_nihilist_chunk2_2,Italian,French
vehement_nihilist_chunk3_0,Italian,Italian
vehement_nihilist_chunk3_1,Italian,Italian
vehement_nihilist_chunk3_2,Italian,Italian
walen_chunk1_0,Spanish,Spanish
walen_chunk1_1,Spanish,Spanish
walen_chunk1_2,Spanish,Spanish
walen_chunk1_3,Spanish,Russian
walen_chunk1_4,Spanish,Greek
why_bothered_chunk1_0,Norwegian,Swedish
why_bothered_chunk1_1,Norwegian,Slovenian
why_bothered_chunk1_2,Norwegian,Swedish
why_bothered_chunk1_3,Norwegian,Swedish
why_bothered_chunk1_4,Norwegian,German
why_bothered_chunk2_0,Norwegian,Slovenian
why_bothered_chunk2_1,Norwegian,Swedish
why_bothered_chunk2_2,Norwegian,German
why_bothered_chunk3_0,Norwegian,Russian
why_bothered_chunk3_1,Norwegian,Polish
why_bothered_chunk3_2,Norwegian,Norwegian
why_bothered_chunk3_3,Norwegian,Swedish
xdustx_chunk1_0,Romanian,Romanian
xdustx_chunk1_1,Romanian,Romanian
xdustx_chunk1_2,Romanian,Romanian
xdustx_chunk1_3,Romanian,Romanian
xdustx_chunk2_0,Romanian,Romanian
xdustx_chunk2_1,Romanian,Romanian
xdustx_chunk2_2,Romanian,Romanian
xdustx_chunk2_3,Romanian,Romanian
zero237_chunk1_0,Croatian,Croatian
zero237_chunk1_1,Croatian,Croatian
zero237_chunk1_2,Croatian,Croatian
zero237_chunk2_0,Croatian,Slovenian
zero237_chunk2_1,Croatian,Slovenian
zero237_chunk2_2,Croatian,Croatian
